Symbol,Name,Sector,Industry
PIH,"1347 Property Insurance Holdings, Inc.",Finance,Property-Casualty Insurers
FCCY,1st Constitution Bancorp (NJ),Finance,Savings Institutions
SRCE,1st Source Corporation,Finance,Major Banks
ABIL,Ability Inc.,Finance,Business Services
ABM,ABM Industries Incorporated,Finance,Diversified Commercial Services
ANCX,Access National Corporation,Finance,Savings Institutions
ACNB,ACNB Corporation,Finance,Major Banks
AEB,Aegon NV,Finance,Life Insurance
AED,Aegon NV,Finance,Life Insurance
AEG,Aegon NV,Finance,Life Insurance
AEH,Aegon NV,Finance,Life Insurance
AEK,Aegon NV,Finance,Life Insurance
AMG,"Affiliated Managers Group, Inc.",Finance,Investment Managers
MGR,"Affiliated Managers Group, Inc.",Finance,Investment Managers
AFL,Aflac Incorporated,Finance,Accident &Health Insurance
AFSD,Aflac Incorporated,Finance,Accident &Health Insurance
AGFS,"AgroFresh Solutions, Inc.",Finance,Business Services
AGFSW,"AgroFresh Solutions, Inc.",Finance,Business Services
ALEX,"Alexander & Baldwin Holdings, Inc.",Finance,Real Estate
Y,Alleghany Corporation,Finance,Property-Casualty Insurers
ABTX,"Allegiance Bancshares, Inc.",Finance,Major Banks
AB,AllianceBernstein Holding L.P.,Finance,Investment Managers
NFJ,"AllianzGI NFJ Dividend, Interest & Premium Strategy Fund",Finance,Finance: Consumer Services
AWH,"Allied World Assurance Company Holdings, AG",Finance,Property-Casualty Insurers
ALL,Allstate Corporation (The),Finance,Property-Casualty Insurers
ALLY,Ally Financial Inc.,Finance,Finance: Consumer Services
AAMC,Altisource Asset Management Corp,Finance,Real Estate
RESI,Altisource Residential Corporation,Finance,Real Estate
AMBC,"Ambac Financial Group, Inc.",Finance,Property-Casualty Insurers
AMBCW,"Ambac Financial Group, Inc.",Finance,Property-Casualty Insurers
ATAX,"America First Multifamily Investors, L.P.",Finance,Finance: Consumer Services
AEL,American Equity Investment Life Holding Company,Finance,Life Insurance
AXP,American Express Company,Finance,Finance: Consumer Services
AFA,"American Financial Group, Inc.",Finance,Property-Casualty Insurers
AFG,"American Financial Group, Inc.",Finance,Property-Casualty Insurers
AFGE,"American Financial Group, Inc.",Finance,Property-Casualty Insurers
AFGH,"American Financial Group, Inc.",Finance,Property-Casualty Insurers
AFW,"American Financial Group, Inc.",Finance,Property-Casualty Insurers
AIG,"American International Group, Inc.",Finance,Property-Casualty Insurers
AMNB,"American National Bankshares, Inc.",Finance,Major Banks
ANAT,American National Insurance Company,Finance,Life Insurance
ARL,"American Realty Investors, Inc.",Finance,Real Estate
AMRB,American River Bankshares,Finance,Major Banks
AMP,"AMERIPRISE FINANCIAL SERVICES, INC.",Finance,Investment Managers
ABCB,Ameris Bancorp,Finance,Major Banks
AMSF,"AMERISAFE, Inc.",Finance,Property-Casualty Insurers
ASRV,AmeriServ Financial Inc.,Finance,Major Banks
ASRVP,AmeriServ Financial Inc.,Finance,Major Banks
ATLO,Ames National Corporation,Finance,Major Banks
AFSI,"AmTrust Financial Services, Inc.",Finance,Property-Casualty Insurers
AFSS,"AmTrust Financial Services, Inc.",Finance,Property-Casualty Insurers
AFST,"AmTrust Financial Services, Inc.",Finance,Property-Casualty Insurers
ANCB,Anchor Bancorp,Finance,Banks
ANDA,Andina Acquisition Corp. II,Finance,Business Services
ANDAR,Andina Acquisition Corp. II,Finance,Business Services
ANDAU,Andina Acquisition Corp. II,Finance,Business Services
ANDAW,Andina Acquisition Corp. II,Finance,Business Services
AON,Aon plc,Finance,Specialty Insurers
APO,"Apollo Global Management, LLC",Finance,Investment Managers
ACGL,Arch Capital Group Ltd.,Finance,Property-Casualty Insurers
ACGLP,Arch Capital Group Ltd.,Finance,Property-Casualty Insurers
ARES,Ares Management L.P.,Finance,Investment Managers
AGII,"Argo Group International Holdings, Ltd.",Finance,Specialty Insurers
AGIIL,"Argo Group International Holdings, Ltd.",Finance,Specialty Insurers
AI,Arlington Asset Investment Corp,Finance,Finance/Investors Services
AIC,Arlington Asset Investment Corp,Finance,Finance/Investors Services
AIW,Arlington Asset Investment Corp,Finance,Finance/Investors Services
AHH,"Armada Hoffler Properties, Inc.",Finance,Real Estate
ARWA,Arowana Inc.,Finance,Business Services
ARWAR,Arowana Inc.,Finance,Business Services
ARWAU,Arowana Inc.,Finance,Business Services
ARWAW,Arowana Inc.,Finance,Business Services
AROW,Arrow Financial Corporation,Finance,Major Banks
AJG,Arthur J. Gallagher & Co.,Finance,Specialty Insurers
APAM,Artisan Partners Asset Management Inc.,Finance,Investment Managers
ASBB,"ASB Bancorp, Inc.",Finance,Savings Institutions
AHL,Aspen Insurance Holdings Limited,Finance,Property-Casualty Insurers
ASB,Associated Banc-Corp,Finance,Major Banks
AC,"Associated Capital Group, Inc.",Finance,Investment Bankers/Brokers/Service
AIZ,"Assurant, Inc.",Finance,Accident &Health Insurance
AGO,Assured Guaranty Ltd.,Finance,Property-Casualty Insurers
ASFI,"Asta Funding, Inc.",Finance,Finance Companies
AF,Astoria Financial Corporation,Finance,Savings Institutions
AAME,Atlantic American Corporation,Finance,Life Insurance
ACBI,"Atlantic Capital Bancshares, Inc.",Finance,Major Banks
ACFC,Atlantic Coast Financial Corporation,Finance,Savings Institutions
ATLC,Atlanticus Holdings Corporation,Finance,Finance: Consumer Services
AFH,"Atlas Financial Holdings, Inc.",Finance,Property-Casualty Insurers
AUBN,"Auburn National Bancorporation, Inc.",Finance,Major Banks
AHPAU,Avista Healthcare Public Acquisition Corp.,Finance,Business Services
AV,Aviva plc,Finance,Life Insurance
AXAR,Axar Acquisition Corp.,Finance,Business Services
AXARU,Axar Acquisition Corp.,Finance,Business Services
AXARW,Axar Acquisition Corp.,Finance,Business Services
AXS,Axis Capital Holdings Limited,Finance,Property-Casualty Insurers
BWINA,"Baldwin & Lyons, Inc.",Finance,Property-Casualty Insurers
BWINB,"Baldwin & Lyons, Inc.",Finance,Property-Casualty Insurers
BANC,"Banc of California, Inc.",Finance,Major Banks
BANF,BancFirst Corporation,Finance,Major Banks
BANFP,BancFirst Corporation,Finance,Major Banks
BBVA,Banco Bilbao Viscaya Argentaria S.A.,Finance,Commercial Banks
BBD,Banco Bradesco Sa,Finance,Major Banks
BBDO,Banco Bradesco Sa,Finance,Major Banks
BCH,Banco De Chile,Finance,Commercial Banks
BLX,"Banco Latinoamericano de Comercio Exterior, S.A.",Finance,Commercial Banks
BSBR,Banco Santander Brasil SA,Finance,Commercial Banks
BSAC,Banco Santander Chile,Finance,Commercial Banks
SAN,"Banco Santander, S.A.",Finance,Commercial Banks
CIB,BanColombia S.A.,Finance,Commercial Banks
BCTF,"Bancorp 34, Inc.",Finance,Savings Institutions
BKJ,"Bancorp of New Jersey, Inc",Finance,Major Banks
BXS,"BancorpSouth, Inc.",Finance,Major Banks
BKMU,Bank Mutual Corporation,Finance,Savings Institutions
BAC,Bank of America Corporation,Finance,Major Banks
BAC^W,Bank of America Corporation,Finance,Major Banks
BAC^Y,Bank of America Corporation,Finance,Major Banks
BOCH,Bank of Commerce Holdings (CA),Finance,Major Banks
BOH,Bank of Hawaii Corporation,Finance,Major Banks
BMRC,Bank of Marin Bancorp,Finance,Major Banks
BMO,Bank Of Montreal,Finance,Commercial Banks
NTB,Bank of N.T. Butterfield & Son Limited (The),Finance,Commercial Banks
BK,Bank Of New York Mellon Corporation (The),Finance,Major Banks
BNS,Bank of Nova Scotia (The),Finance,Major Banks
BKSC,Bank of South Carolina Corp.,Finance,Major Banks
BOTJ,"Bank of the James Financial Group, Inc.",Finance,Major Banks
OZRK,Bank of the Ozarks,Finance,Major Banks
BFIN,BankFinancial Corporation,Finance,Savings Institutions
BKU,"BankUnited, Inc.",Finance,Savings Institutions
BWFG,"Bankwell Financial Group, Inc.",Finance,Major Banks
BANR,Banner Corporation,Finance,Major Banks
BHB,"Bar Harbor Bankshares, Inc.",Finance,Major Banks
TAPR,Barclays Inverse US Treasury Composite ETN,Finance,Commercial Banks
BCS,Barclays PLC,Finance,Commercial Banks
DLBL,Barclays PLC,Finance,Commercial Banks
BHAC,Barington/Hilco Acquisition Corp.,Finance,Business Services
BHACR,Barington/Hilco Acquisition Corp.,Finance,Business Services
BHACU,Barington/Hilco Acquisition Corp.,Finance,Business Services
BHACW,Barington/Hilco Acquisition Corp.,Finance,Business Services
BYBK,"Bay Bancorp, Inc.",Finance,Major Banks
BBT,BB&T Corporation,Finance,Major Banks
BFR,BBVA Banco Frances S.A.,Finance,Commercial Banks
BBX,BBX Capital Corporation,Finance,Real Estate
BCBP,"BCB Bancorp, Inc. (NJ)",Finance,Savings Institutions
BSF,"Bear State Financial, Inc.",Finance,Major Banks
BNCL,"Beneficial Bancorp, Inc.",Finance,Savings Institutions
BHLB,"Berkshire Hills Bancorp, Inc.",Finance,Banks
BGCA,"BGC Partners, Inc.",Finance,Investment Bankers/Brokers/Service
BGCP,"BGC Partners, Inc.",Finance,Investment Bankers/Brokers/Service
HAWK,"Blackhawk Network Holdings, Inc.",Finance,Finance: Consumer Services
BLK,"BlackRock, Inc.",Finance,Investment Bankers/Brokers/Service
BCRH,Blue Capital Reinsurance Holdings Ltd.,Finance,Property-Casualty Insurers
BHBK,"Blue Hills Bancorp, Inc.",Finance,Major Banks
BNCN,BNC Bancorp,Finance,Major Banks
BOFI,"BofI Holding, Inc.",Finance,Savings Institutions
BOFIL,"BofI Holding, Inc.",Finance,Savings Institutions
BOKF,BOK Financial Corporation,Finance,Major Banks
BOKFL,BOK Financial Corporation,Finance,Major Banks
BPFH,"Boston Private Financial Holdings, Inc.",Finance,Major Banks
BPFHP,"Boston Private Financial Holdings, Inc.",Finance,Major Banks
BPFHW,"Boston Private Financial Holdings, Inc.",Finance,Major Banks
BLVD,Boulevard Acquisition Corp. II,Finance,Business Services
BLVDU,Boulevard Acquisition Corp. II,Finance,Business Services
BLVDW,Boulevard Acquisition Corp. II,Finance,Business Services
BDGE,"Bridge Bancorp, Inc.",Finance,Major Banks
BYFC,Broadway Financial Corporation,Finance,Savings Institutions
BPY,Brookfield Property Partners L.P.,Finance,Real Estate
BRKL,"Brookline Bancorp, Inc.",Finance,Savings Institutions
BRO,"Brown & Brown, Inc.",Finance,Specialty Insurers
BMTC,Bryn Mawr Bank Corporation,Finance,Major Banks
BLMT,"BSB Bancorp, Inc.",Finance,Major Banks
CFFI,C&F Financial Corporation,Finance,Major Banks
GYB,CABCO Series 2004-101 Trust,Finance,Finance: Consumer Services
PFH,CABCO Series 2004-101 Trust,Finance,Finance: Consumer Services
CLMS,"Calamos Asset Management, Inc.",Finance,Investment Bankers/Brokers/Service
CFNB,California First National Bancorp,Finance,Major Banks
CAC,Camden National Corporation,Finance,Major Banks
CM,Canadian Imperial Bank of Commerce,Finance,Commercial Banks
CBF,Capital Bank Financial Corp.,Finance,Major Banks
CCBG,Capital City Bank Group,Finance,Major Banks
COF,Capital One Financial Corporation,Finance,Major Banks
COF^C,Capital One Financial Corporation,Finance,Major Banks
CLAC,Capitol Acquisition Corp. III,Finance,Business Services
CLACU,Capitol Acquisition Corp. III,Finance,Business Services
CLACW,Capitol Acquisition Corp. III,Finance,Business Services
CFFN,"Capitol Federal Financial, Inc.",Finance,Savings Institutions
CSTR,"CapStar Financial Holdings, Inc.",Finance,Major Banks
CCN,CardConnect Corp.,Finance,Business Services
CCNWW,CardConnect Corp.,Finance,Business Services
CFNL,Cardinal Financial Corporation,Finance,Major Banks
CLBH,Carolina Bank Holdings Inc.,Finance,Major Banks
CARO,Carolina Financial Corporation,Finance,Major Banks
CART,"Carolina Trust BancShares, Inc.",Finance,Major Banks
CARV,"Carver Bancorp, Inc.",Finance,Savings Institutions
CACB,Cascade Bancorp,Finance,Major Banks
CATY,Cathay General Bancorp,Finance,Major Banks
CATYW,Cathay General Bancorp,Finance,Major Banks
CBFV,"CB Financial Services, Inc.",Finance,Major Banks
CBOE,"CBOE Holdings, Inc.",Finance,Investment Bankers/Brokers/Service
CBG,"CBRE Group, Inc.",Finance,Real Estate
CSFL,"CenterState Banks, Inc.",Finance,Major Banks
CFBK,Central Federal Corporation,Finance,Savings Institutions
CVCY,Central Valley Community Bancorp,Finance,Major Banks
CFCB,Centrue Financial Corporation,Finance,Major Banks
CNBKA,"Century Bancorp, Inc.",Finance,Major Banks
CFCO,CF Corporation,Finance,Business Services
CFCOU,CF Corporation,Finance,Business Services
CFCOW,CF Corporation,Finance,Business Services
CHFN,Charter Financial Corp.,Finance,Savings Institutions
CHFC,Chemical Financial Corporation,Finance,Major Banks
CHMG,Chemung Financial Corp,Finance,Major Banks
CCCR,"China Commercial Credit, Inc.",Finance,Major Banks
CO,China Cord Blood Corporation,Finance,Business Services
JRJC,China Finance Online Co. Limited,Finance,Investment Bankers/Brokers/Service
HGSH,"China HGS Real Estate, Inc.",Finance,Real Estate
CLDC,China Lending Corporation,Finance,Diversified Financial Services
CLDCW,China Lending Corporation,Finance,Diversified Financial Services
LFC,China Life Insurance Company Limited,Finance,Life Insurance
CIFC,CIFC LLC,Finance,Finance: Consumer Services
CINF,Cincinnati Financial Corporation,Finance,Property-Casualty Insurers
CIT,CIT Group Inc (DEL),Finance,Finance: Consumer Services
BLW,Citigroup Inc.,Finance,Major Banks
C,Citigroup Inc.,Finance,Major Banks
C^K,Citigroup Inc.,Finance,Major Banks
C^N,Citigroup Inc.,Finance,Major Banks
CZNC,Citizens & Northern Corp,Finance,Major Banks
CZWI,"Citizens Community Bancorp, Inc.",Finance,Savings Institutions
CFG,"Citizens Financial Group, Inc.",Finance,Major Banks
CZFC,Citizens First Corporation,Finance,Major Banks
CIZN,Citizens Holding Company,Finance,Major Banks
CIA,"Citizens, Inc.",Finance,Life Insurance
CHCO,City Holding Company,Finance,Major Banks
CIVB,"Civista Bancshares, Inc. ",Finance,Major Banks
CIVBP,"Civista Bancshares, Inc. ",Finance,Major Banks
CSBK,Clifton Bancorp Inc.,Finance,Savings Institutions
CME,CME Group Inc.,Finance,Investment Bankers/Brokers/Service
CNA,CNA Financial Corporation,Finance,Property-Casualty Insurers
CCNE,CNB Financial Corporation,Finance,Major Banks
CISG,CNinsure Inc.,Finance,Specialty Insurers
CNO,"CNO Financial Group, Inc.",Finance,Accident &Health Insurance
CWAY,"Coastway Bancorp, Inc.",Finance,Savings Institutions
COBZ,CoBiz Financial Inc.,Finance,Major Banks
CVLY,"Codorus Valley Bancorp, Inc",Finance,Savings Institutions
CNS,Cohen & Steers Inc,Finance,Investment Managers
CIGI,Colliers International Group Inc. ,Finance,Real Estate
CBAN,"Colony Bankcorp, Inc.",Finance,Major Banks
COLB,"Columbia Banking System, Inc.",Finance,Major Banks
CMA,Comerica Incorporated,Finance,Major Banks
CBSH,"Commerce Bancshares, Inc.",Finance,Major Banks
CBSHP,"Commerce Bancshares, Inc.",Finance,Major Banks
CBU,"Community Bank System, Inc.",Finance,Major Banks
ESXB,Community Bankers Trust Corporation.,Finance,Major Banks
CTBI,"Community Trust Bancorp, Inc.",Finance,Major Banks
CWBC,Community West Bancshares,Finance,Major Banks
CNFR,"Conifer Holdings, Inc.",Finance,Property-Casualty Insurers
CNOB,"ConnectOne Bancorp, Inc.",Finance,Major Banks
CTO,Consolidated-Tomoka Land Co.,Finance,Real Estate
CPSS,"Consumer Portfolio Services, Inc.",Finance,Finance: Consumer Services
CPAA,Conyers Park Acquisition Corp.,Finance,Business Services
CPAAU,Conyers Park Acquisition Corp.,Finance,Business Services
CPAAW,Conyers Park Acquisition Corp.,Finance,Business Services
GYC,Corporate Asset Backed Corp CABCO,Finance,Finance: Consumer Services
CRVL,CorVel Corp.,Finance,Specialty Insurers
ICBK,"County Bancorp, Inc.",Finance,Major Banks
COWN,"Cowen Group, Inc.",Finance,Investment Bankers/Brokers/Service
COWNL,"Cowen Group, Inc.",Finance,Investment Bankers/Brokers/Service
CPF,CPB Inc.,Finance,Major Banks
PMTS,CPI Card Group Inc.,Finance,Finance Companies
BAP,Credicorp Ltd.,Finance,Commercial Banks
CACC,Credit Acceptance Corporation,Finance,Finance: Consumer Services
GLDI,Credit Suisse Gold Shares Covered Calls ETN,Finance,Investment Bankers/Brokers/Service
CS,Credit Suisse Group,Finance,Investment Bankers/Brokers/Service
SLVO,Credit Suisse Silver Shares Covered Call ETN,Finance,Investment Bankers/Brokers/Service
CRESY,Cresud S.A.C.I.F. y A.,Finance,Real Estate
CUNB,CU Bancorp (CA),Finance,Major Banks
CFR,"Cullen/Frost Bankers, Inc.",Finance,Major Banks
CUBI,"Customers Bancorp, Inc",Finance,Major Banks
CUBS,"Customers Bancorp, Inc",Finance,Major Banks
CVBF,CVB Financial Corporation,Finance,Major Banks
CB,D/B/A Chubb Limited New,Finance,Property-Casualty Insurers
DKT,Deutsch Bk Contingent Cap Tr V,Finance,Major Banks
DB,Deutsche Bank AG,Finance,Major Banks
DTK,Deutsche Bank AG,Finance,Major Banks
DXB,Deutsche Bank AG,Finance,Major Banks
DHIL,"Diamond Hill Investment Group, Inc.",Finance,Investment Managers
DCOM,"Dime Community Bancshares, Inc.",Finance,Savings Institutions
DFS,Discover Financial Services,Finance,Finance: Consumer Services
DNBF,DNB Financial Corp,Finance,Major Banks
DGICA,"Donegal Group, Inc.",Finance,Property-Casualty Insurers
DGICB,"Donegal Group, Inc.",Finance,Property-Casualty Insurers
EAGL,Double Eagle Acquisition Corp.,Finance,Business Services
EAGLU,Double Eagle Acquisition Corp.,Finance,Business Services
EAGLW,Double Eagle Acquisition Corp.,Finance,Business Services
DNB,Dun & Bradstreet Corporation (The),Finance,Finance: Consumer Services
DFT,"Dupont Fabros Technology, Inc.",Finance,Real Estate
ETFC,E*TRADE Financial Corporation,Finance,Savings Institutions
EBMT,"Eagle Bancorp Montana, Inc.",Finance,Savings Institutions
EGBN,"Eagle Bancorp, Inc.",Finance,Major Banks
EWBC,"East West Bancorp, Inc.",Finance,Major Banks
EVBS,"Eastern Virginia Bankshares, Inc.",Finance,Major Banks
EV,Eaton Vance Corporation,Finance,Investment Managers
ECAC,E-compass Acquisition Corp.,Finance,Business Services
ECACR,E-compass Acquisition Corp.,Finance,Business Services
ECACU,E-compass Acquisition Corp.,Finance,Business Services
EHTH,"eHealth, Inc.",Finance,Specialty Insurers
ELEC,Electrum Special Acquisition Corporation,Finance,Business Services
ELECU,Electrum Special Acquisition Corporation,Finance,Business Services
ELECW,Electrum Special Acquisition Corporation,Finance,Business Services
EFC,Ellington Financial LLC,Finance,Real Estate
ESBK,Elmira Savings Bank NY (The),Finance,Major Banks
EMCI,EMC Insurance Group Inc.,Finance,Property-Casualty Insurers
EMCF,Emclaire Financial Corp,Finance,Major Banks
EMG,"Emergent Capital, Inc.",Finance,Life Insurance
EIG,Employers Holdings Inc,Finance,Property-Casualty Insurers
ECPG,Encore Capital Group Inc,Finance,Finance Companies
ENH,Endurance Specialty Holdings Ltd,Finance,Property-Casualty Insurers
ENVA,"Enova International, Inc.",Finance,Finance: Consumer Services
ESGR,Enstar Group Limited,Finance,Property-Casualty Insurers
ENFC,Entegra Financial Corp.,Finance,Banks
EBTC,Enterprise Bancorp Inc,Finance,Major Banks
EFSC,Enterprise Financial Services Corporation,Finance,Major Banks
EFX,"Equifax, Inc.",Finance,Finance: Consumer Services
EQFN,Equitable Financial Corp.,Finance,Savings Institutions
EQBK,"Equity Bancshares, Inc.",Finance,Major Banks
ERIE,Erie Indemnity Company,Finance,Specialty Insurers
ESSA,"ESSA Bancorp, Inc.",Finance,Banks
ESNT,Essent Group Ltd.,Finance,Property-Casualty Insurers
EEFT,"Euronet Worldwide, Inc.",Finance,Investment Bankers/Brokers/Service
EVBN,"Evans Bancorp, Inc.",Finance,Major Banks
EVER,EverBank Financial Corp.,Finance,Savings Institutions
EVR,Evercore Partners Inc,Finance,Investment Managers
RE,"Everest Re Group, Ltd.",Finance,Property-Casualty Insurers
EVRI,Everi Holdings Inc.,Finance,Finance: Consumer Services
FNB,F.N.B. Corporation,Finance,Major Banks
FFKT,Farmers Capital Bank Corporation,Finance,Major Banks
FMNB,Farmers National Banc Corp.,Finance,Major Banks
FBSS,"Fauquier Bankshares, Inc.",Finance,Major Banks
FBK,FB Financial Corporation,Finance,Major Banks
FFG,"FBL Financial Group, Inc.",Finance,Life Insurance
FBRC,FBR & Co,Finance,Investment Bankers/Brokers/Service
FCB,"FCB Financial Holdings, Inc.",Finance,Major Banks
AGM,Federal Agricultural Mortgage Corporation,Finance,Finance Companies
FII,"Federated Investors, Inc.",Finance,Investment Managers
FNHC,Federated National Holding Company,Finance,Property-Casualty Insurers
FGL,Fidelity and Guaranty Life,Finance,Life Insurance
FNF,"Fidelity National Financial, Inc.",Finance,Specialty Insurers
FNFV,"Fidelity National Financial, Inc.",Finance,Specialty Insurers
LION,Fidelity Southern Corporation,Finance,Major Banks
FSAM,Fifth Street Asset Management Inc.,Finance,Investment Managers
FITB,Fifth Third Bancorp,Finance,Major Banks
FITBI,Fifth Third Bancorp,Finance,Major Banks
FNGN,"Financial Engines, Inc.",Finance,Investment Managers
FISI,"Financial Institutions, Inc.",Finance,Major Banks
FAC,First Acceptance Corporation,Finance,Property-Casualty Insurers
FAF,First American Corporation (The),Finance,Specialty Insurers
FBNC,First Bancorp,Finance,Major Banks
FNLC,"First Bancorp, Inc (ME)",Finance,Major Banks
FBP,First BanCorp.,Finance,Major Banks
BUSE,First Busey Corporation,Finance,Major Banks
FBIZ,"First Business Financial Services, Inc.",Finance,Major Banks
FCAP,"First Capital, Inc.",Finance,Savings Institutions
FCNCA,"First Citizens BancShares, Inc.",Finance,Major Banks
FCF,First Commonwealth Financial Corporation,Finance,Major Banks
FCBC,"First Community Bancshares, Inc.",Finance,Major Banks
FCCO,First Community Corporation,Finance,Major Banks
FCFP,"First Community Financial Partners, Inc.",Finance,Major Banks
FBNK,"First Connecticut Bancorp, Inc.",Finance,Banks
FDEF,First Defiance Financial Corp.,Finance,Savings Institutions
FFBC,First Financial Bancorp.,Finance,Major Banks
FFBCW,First Financial Bancorp.,Finance,Major Banks
FFIN,"First Financial Bankshares, Inc.",Finance,Major Banks
THFF,First Financial Corporation Indiana,Finance,Major Banks
FFNW,"First Financial Northwest, Inc.",Finance,Major Banks
FFWM,First Foundation Inc.,Finance,Major Banks
FGBI,"First Guaranty Bancshares, Inc.",Finance,Savings Institutions
FHB,"First Hawaiian, Inc.",Finance,Major Banks
FHN,First Horizon National Corporation,Finance,Major Banks
INBK,First Internet Bancorp,Finance,Major Banks
INBKL,First Internet Bancorp,Finance,Major Banks
FIBK,"First Interstate BancSystem, Inc.",Finance,Major Banks
FRME,First Merchants Corporation,Finance,Major Banks
FMBH,"First Mid-Illinois Bancshares, Inc.",Finance,Major Banks
FMBI,"First Midwest Bancorp, Inc.",Finance,Major Banks
FNBC,First NBC Bank Holding Company,Finance,Major Banks
FNWB,First Northwest Bancorp,Finance,Banks
FSFG,"First Savings Financial Group, Inc.",Finance,Savings Institutions
FSBK,First South Bancorp Inc,Finance,Major Banks
FUNC,First United Corporation,Finance,Major Banks
FUSB,"First US Bancshares, Inc.",Finance,Major Banks
FSV,FirstService Corporation,Finance,Real Estate
FBC,"Flagstar Bancorp, Inc.",Finance,Savings Institutions
FFIC,Flushing Financial Corporation,Finance,Major Banks
FOR,Forestar Group Inc,Finance,Real Estate
FIG,Fortress Investment Group LLC,Finance,Investment Managers
FSB,"Franklin Financial Network, Inc.",Finance,Major Banks
BEN,"Franklin Resources, Inc.",Finance,Investment Managers
FRPH,"FRP Holdings, Inc.",Finance,Real Estate
FSBW,"FS Bancorp, Inc.",Finance,Banks
FSBC,"FSB Bancorp, Inc.",Finance,Savings Institutions
FULT,Fulton Financial Corporation,Finance,Major Banks
FXCM,FXCM Inc.,Finance,Investment Bankers/Brokers/Service
GCAP,"GAIN Capital Holdings, Inc.",Finance,Investment Bankers/Brokers/Service
GBL,"Gamco Investors, Inc.",Finance,Investment Bankers/Brokers/Service
GZT,Gazit-Globe Ltd.,Finance,Real Estate
GNW,Genworth Financial Inc,Finance,Life Insurance
GTWN,"Georgetown Bancorp, Inc.",Finance,Major Banks
GABC,"German American Bancorp, Inc.",Finance,Major Banks
GTY,Getty Realty Corporation,Finance,Real Estate
GBCI,"Glacier Bancorp, Inc.",Finance,Major Banks
GLBZ,Glen Burnie Bancorp,Finance,Major Banks
GBLI,Global Indemnity Limited,Finance,Property-Casualty Insurers
GBLIZ,Global Indemnity Limited,Finance,Property-Casualty Insurers
GPAC,Global Partner Acquisition Corp.,Finance,Business Services
GPACU,Global Partner Acquisition Corp.,Finance,Business Services
GPACW,Global Partner Acquisition Corp.,Finance,Business Services
GS,"Goldman Sachs Group, Inc. (The)",Finance,Investment Bankers/Brokers/Service
GOV,Government Properties Income Trust,Finance,Real Estate
GOVNI,Government Properties Income Trust,Finance,Real Estate
GSBC,"Great Southern Bancorp, Inc.",Finance,Major Banks
GWB,"Great Western Bancorp, Inc.",Finance,Major Banks
GNBC,"Green Bancorp, Inc.",Finance,Major Banks
GDOT,Green Dot Corporation,Finance,Finance: Consumer Services
GCBC,"Greene County Bancorp, Inc.",Finance,Banks
GHL,"Greenhill & Co., Inc.",Finance,Investment Bankers/Brokers/Service
GLRE,"Greenlight Reinsurance, Ltd.",Finance,Property-Casualty Insurers
GRIF,"Griffin Industrial Realty, Inc.",Finance,Real Estate
AVAL,Grupo Aval Acciones y Valores S.A.,Finance,Commercial Banks
GGAL,Grupo Financiero Galicia S.A.,Finance,Commercial Banks
BSMX,Grupo Financiero Santander Mexico S.A. B. de C.V.,Finance,Commercial Banks
SUPV,Grupo Supervielle S.A.,Finance,Commercial Banks
GTYH,"GTY Technology Holdings, Inc.",Finance,Business Services
GTYHW,"GTY Technology Holdings, Inc.",Finance,Business Services
GBNK,Guaranty Bancorp,Finance,Major Banks
GFED,"Guaranty Federal Bancshares, Inc.",Finance,Major Banks
GWGH,"GWG Holdings, Inc",Finance,Life Insurance
HALL,"Hallmark Financial Services, Inc.",Finance,Property-Casualty Insurers
HBK,"Hamilton Bancorp, Inc.",Finance,Savings Institutions
HBHC,Hancock Holding Company,Finance,Major Banks
HBHCL,Hancock Holding Company,Finance,Major Banks
HAFC,Hanmi Financial Corporation,Finance,Major Banks
HONE,"HarborOne Bancorp, Inc.",Finance,Major Banks
HRMN,Harmony Merger Corp.,Finance,Business Services
HRMNU,Harmony Merger Corp.,Finance,Business Services
HRMNW,Harmony Merger Corp.,Finance,Business Services
TINY,"Harris & Harris Group, Inc.",Finance,Finance/Investors Services
HGH,"Hartford Financial Services Group, Inc. (The)",Finance,Property-Casualty Insurers
HIG,"Hartford Financial Services Group, Inc. (The)",Finance,Property-Casualty Insurers
HWBK,"Hawthorn Bancshares, Inc.",Finance,Major Banks
HCI,"HCI Group, Inc.",Finance,Property-Casualty Insurers
HCJ,"HCI Group, Inc.",Finance,Property-Casualty Insurers
HDB,HDFC Bank Limited,Finance,Commercial Banks
HIIQ,"Health Insurance Innovations, Inc.",Finance,Specialty Insurers
HTLF,"Heartland Financial USA, Inc.",Finance,Major Banks
HNNA,"Hennessy Advisors, Inc.",Finance,Investment Managers
HCAC,Hennessy Capital Acquisition Corp. II,Finance,Business Services
HCACU,Hennessy Capital Acquisition Corp. II,Finance,Business Services
HCACW,Hennessy Capital Acquisition Corp. II,Finance,Business Services
HTBK,Heritage Commerce Corp,Finance,Major Banks
HFWA,Heritage Financial Corporation,Finance,Banks
HRTG,"Heritage Insurance Holdings, Inc.",Finance,Property-Casualty Insurers
HEOP,Heritage Oaks Bancorp,Finance,Major Banks
HTH,Hilltop Holdings Inc.,Finance,Major Banks
HMNF,"HMN Financial, Inc.",Finance,Savings Institutions
HBCP,"Home Bancorp, Inc.",Finance,Banks
HOMB,"Home BancShares, Inc.",Finance,Major Banks
HFBL,"Home Federal Bancorp, Inc. of Louisiana",Finance,Savings Institutions
HMST,"HomeStreet, Inc.",Finance,Major Banks
HMTA,HomeTown Bankshares Corporation,Finance,Major Banks
HTBI,"HomeTrust Bancshares, Inc.",Finance,Savings Institutions
HOPE,"Hope Bancorp, Inc.",Finance,Major Banks
HFBC,"HopFed Bancorp, Inc.",Finance,Major Banks
HMN,Horace Mann Educators Corporation,Finance,Property-Casualty Insurers
HBNC,Horizon Bancorp (IN),Finance,Major Banks
HLI,"Houlihan Lokey, Inc.",Finance,Investment Managers
HBMD,"Howard Bancorp, Inc.",Finance,Major Banks
HSBC,HSBC Holdings plc,Finance,Savings Institutions
HSEA,HSBC Holdings plc,Finance,Savings Institutions
HSEB,HSBC Holdings plc,Finance,Savings Institutions
HPP,"Hudson Pacific Properties, Inc.",Finance,Real Estate
HBAN,Huntington Bancshares Incorporated,Finance,Major Banks
HBANN,Huntington Bancshares Incorporated,Finance,Major Banks
HBANO,Huntington Bancshares Incorporated,Finance,Major Banks
HBANP,Huntington Bancshares Incorporated,Finance,Major Banks
IBKC,IBERIABANK Corporation,Finance,Major Banks
IBKCO,IBERIABANK Corporation,Finance,Major Banks
IBKCP,IBERIABANK Corporation,Finance,Major Banks
IBN,ICICI Bank Limited,Finance,Commercial Banks
IROQ,"IF Bancorp, Inc.",Finance,Savings Institutions
ILG,"ILG, Inc",Finance,Real Estate
IHC,Independence Holding Company,Finance,Life Insurance
INDB,Independent Bank Corp.,Finance,Major Banks
IBCP,Independent Bank Corporation,Finance,Major Banks
IBTX,"Independent Bank Group, Inc",Finance,Major Banks
IPCC,Infinity Property and Casualty Corporation,Finance,Property-Casualty Insurers
ING,"ING Group, N.V.",Finance,Commercial Banks
INZ,"ING Group, N.V.",Finance,Commercial Banks
ISF,"ING Group, N.V.",Finance,Commercial Banks
ISG,"ING Group, N.V.",Finance,Commercial Banks
ISP,"ING Group, N.V.",Finance,Commercial Banks
IFMI,"Institutional Financial Markets, Inc.",Finance,Investment Bankers/Brokers/Service
IBKR,"Interactive Brokers Group, Inc.",Finance,Investment Bankers/Brokers/Service
ICE,Intercontinental Exchange Inc.,Finance,Investment Bankers/Brokers/Service
IBOC,International Bancshares Corporation,Finance,Major Banks
INTL,INTL FCStone Inc.,Finance,Investment Bankers/Brokers/Service
IVZ,Invesco Plc,Finance,Investment Managers
ISTR,Investar Holding Corporation,Finance,Major Banks
ITG,"Investment Technology Group, Inc.",Finance,Investment Bankers/Brokers/Service
ISBC,"Investors Bancorp, Inc.",Finance,Major Banks
ITIC,Investors Title Company,Finance,Specialty Insurers
DTYS,iPath US Treasury 10-year Bear ETN,Finance,Commercial Banks
DTYL,iPath US Treasury 10-year Bull ETN,Finance,Commercial Banks
DTUS,iPath US Treasury 2-year Bear ETN,Finance,Commercial Banks
DTUL,iPath US Treasury 2-year Bull ETN,Finance,Commercial Banks
DFVS,iPath US Treasury 5-year Bear Exchange Traded Note,Finance,Commercial Banks
DFVL,iPath US Treasury 5-year Bull ETN,Finance,Commercial Banks
FLAT,iPath US Treasury Flattener ETN,Finance,Commercial Banks
DLBS,iPath US Treasury Long Bond Bear ETN,Finance,Commercial Banks
STPP,iPath US Treasury Steepener ETN,Finance,Commercial Banks
ITUB,Itau Unibanco Banco Holding SA,Finance,Major Banks
JPM,J P Morgan Chase & Co,Finance,Major Banks
JPM^A,J P Morgan Chase & Co,Finance,Major Banks
JPM^H,J P Morgan Chase & Co,Finance,Major Banks
JXSB,Jacksonville Bancorp Inc.,Finance,Savings Institutions
JRVR,"James River Group Holdings, Ltd.",Finance,Property-Casualty Insurers
JNS,"Janus Capital Group, Inc",Finance,Investment Managers
JSYN,Jensyn Acquistion Corp.,Finance,Business Services
JSYNR,Jensyn Acquistion Corp.,Finance,Business Services
JSYNU,Jensyn Acquistion Corp.,Finance,Business Services
JSYNW,Jensyn Acquistion Corp.,Finance,Business Services
JTPY,JetPay Corporation,Finance,Business Services
WYIG,JM Global Holding Company,Finance,Business Services
WYIGU,JM Global Holding Company,Finance,Business Services
WYIGW,JM Global Holding Company,Finance,Business Services
JMP,JMP Group LLC,Finance,Investment Bankers/Brokers/Service
JMPB,JMP Group LLC,Finance,Investment Bankers/Brokers/Service
JMPC,JMP Group LLC,Finance,Investment Bankers/Brokers/Service
JLL,Jones Lang LaSalle Incorporated,Finance,Real Estate
KB,KB Financial Group Inc,Finance,Commercial Banks
KCG,"KCG Holdings, Inc.",Finance,Investment Bankers/Brokers/Service
KRNY,Kearny Financial,Finance,Savings Institutions
KMPA,Kemper Corporation,Finance,Property-Casualty Insurers
KMPR,Kemper Corporation,Finance,Property-Casualty Insurers
KW,Kennedy-Wilson Holdings Inc.,Finance,Real Estate
KWN,Kennedy-Wilson Holdings Inc.,Finance,Real Estate
KFFB,Kentucky First Federal Bancorp,Finance,Savings Institutions
KEY,KeyCorp,Finance,Major Banks
KINS,"Kingstone Companies, Inc",Finance,Property-Casualty Insurers
KFS,"Kingsway Financial Services, Inc.",Finance,Property-Casualty Insurers
KNSL,"Kinsale Capital Group, Inc.",Finance,Property-Casualty Insurers
KKR,KKR & Co. L.P.,Finance,Investment Managers
KFI,KKR Financial Holdings LLC,Finance,Finance: Consumer Services
KLRE,KLR Energy Acquisition Corp.,Finance,Business Services
KLREU,KLR Energy Acquisition Corp.,Finance,Business Services
KLREW,KLR Energy Acquisition Corp.,Finance,Business Services
LTS,Ladenburg Thalmann Financial Services Inc,Finance,Investment Bankers/Brokers/Service
LSBK,"Lake Shore Bancorp, Inc.",Finance,Savings Institutions
LSBG,Lake Sunapee Bank Group,Finance,Savings Institutions
LBAI,"Lakeland Bancorp, Inc.",Finance,Major Banks
LKFN,Lakeland Financial Corporation,Finance,Major Banks
LCA,"Landcadia Holdings, Inc.",Finance,Business Services
LCAHU,"Landcadia Holdings, Inc.",Finance,Business Services
LCAHW,"Landcadia Holdings, Inc.",Finance,Business Services
LARK,Landmark Bancorp Inc.,Finance,Major Banks
LAZ,Lazard Ltd.,Finance,Investment Managers
LCNB,LCNB Corporation,Finance,Major Banks
LTXB,"LegacyTexas Financial Group, Inc.",Finance,Savings Institutions
LM,"Legg Mason, Inc.",Finance,Investment Managers
LMHA,"Legg Mason, Inc.",Finance,Investment Managers
CVB,Lehman ABS Corporation,Finance,Finance: Consumer Services
JBK,Lehman ABS Corporation,Finance,Finance: Consumer Services
XKE,Lehman ABS Corporation,Finance,Finance: Consumer Services
KCC,Lehman ABS Corporation,Finance,Finance: Consumer Services
KTH,Lehman ABS Corporation,Finance,Finance: Consumer Services
KTN,Lehman ABS Corporation,Finance,Finance: Consumer Services
KTP,Lehman ABS Corporation,Finance,Finance: Consumer Services
LEJU,Leju Holdings Limited,Finance,Real Estate
TREE,"LendingTree, Inc.",Finance,Finance: Consumer Services
LNC,Lincoln National Corporation,Finance,Life Insurance
LOB,"Live Oak Bancshares, Inc.",Finance,Major Banks
LYG,Lloyds Banking Group Plc,Finance,Commercial Banks
LMFA,"LM Funding America, Inc.",Finance,Finance: Consumer Services
LMFAW,"LM Funding America, Inc.",Finance,Finance: Consumer Services
L,Loews Corporation,Finance,Property-Casualty Insurers
LPLA,LPL Financial Holdings Inc.,Finance,Investment Bankers/Brokers/Service
MBTF,M B T Financial Corp,Finance,Major Banks
MACQ,"M I Acquisitions, Inc.",Finance,Business Services
MACQW,"M I Acquisitions, Inc.",Finance,Business Services
MIII,M III Acquisition Corp.,Finance,Business Services
MIIIU,M III Acquisition Corp.,Finance,Business Services
MIIIW,M III Acquisition Corp.,Finance,Business Services
MTB,M&T Bank Corporation,Finance,Major Banks
MCBC,Macatawa Bank Corporation,Finance,Major Banks
MFNC,Mackinac Financial Corporation,Finance,Major Banks
BMA,Macro Bank Inc.,Finance,Commercial Banks
MGYR,"Magyar Bancorp, Inc.",Finance,Savings Institutions
MHLD,"Maiden Holdings, Ltd.",Finance,Property-Casualty Insurers
MHNB,"Maiden Holdings, Ltd.",Finance,Property-Casualty Insurers
MHNC,"Maiden Holdings, Ltd.",Finance,Property-Casualty Insurers
MSFG,"MainSource Financial Group, Inc.",Finance,Major Banks
MLVF,"Malvern Bancorp, Inc.",Finance,Banks
MN,"Manning & Napier, Inc.",Finance,Investment Managers
MFC,Manulife Financial Corp,Finance,Life Insurance
MMI,"Marcus & Millichap, Inc.",Finance,Real Estate
MKL,Markel Corporation,Finance,Property-Casualty Insurers
MKTX,"MarketAxess Holdings, Inc.",Finance,Investment Bankers/Brokers/Service
MRLN,Marlin Business Services Corp.,Finance,Major Banks
VAC,Marriot Vacations Worldwide Corporation,Finance,Real Estate
MMC,"Marsh & McLennan Companies, Inc.",Finance,Specialty Insurers
MLP,"Maui Land & Pineapple Company, Inc.",Finance,Real Estate
MBFI,MB Financial Inc.,Finance,Major Banks
MBFIP,MB Financial Inc.,Finance,Major Banks
MBI,"MBIA, Inc.",Finance,Property-Casualty Insurers
MFIN,Medallion Financial Corp.,Finance,Finance: Consumer Services
MFINL,Medallion Financial Corp.,Finance,Finance: Consumer Services
MDLX,Medley LLC,Finance,Investment Managers
MDLY,Medley Management Inc.,Finance,Investment Managers
MELR,"Melrose Bancorp, Inc.",Finance,Major Banks
MBWM,Mercantile Bank Corporation,Finance,Major Banks
MBVT,"Merchants Bancshares, Inc.",Finance,Major Banks
MCY,Mercury General Corporation,Finance,Property-Casualty Insurers
EBSB,"Meridian Bancorp, Inc.",Finance,Major Banks
IPB,"Merrill Lynch & Co., Inc.",Finance,Finance: Consumer Services
PIY,"Merrill Lynch Depositor, Inc.",Finance,Finance: Consumer Services
CASH,"Meta Financial Group, Inc.",Finance,Savings Institutions
MET,"MetLife, Inc.",Finance,Life Insurance
MFCB,MFC Bancorp Ltd.,Finance,Commercial Banks
MTG,MGIC Investment Corporation,Finance,Property-Casualty Insurers
MPB,Mid Penn Bancorp,Finance,Major Banks
MBRG,Middleburg Financial Corporation,Finance,Major Banks
MBCN,Middlefield Banc Corp.,Finance,Major Banks
MSBI,"Midland States Bancorp, Inc.",Finance,Major Banks
MSL,MidSouth Bancorp,Finance,Major Banks
MOFG,"MidWestOne Financial Group, Inc.",Finance,Major Banks
MTU,Mitsubishi UFJ Financial Group Inc,Finance,Commercial Banks
MFG,"Mizuho Financial Group, Inc.",Finance,Major Banks
MMAC,"MMA Capital Management, LLC",Finance,Real Estate
MC,Moelis & Company,Finance,Investment Managers
MCO,Moody&#39;s Corporation,Finance,Finance: Consumer Services
MS,Morgan Stanley,Finance,Investment Bankers/Brokers/Service
MORN,"Morningstar, Inc.",Finance,Investment Managers
HJV,MS Structured Asset Corp Saturns GE Cap Corp Series 2002-14,Finance,Finance: Consumer Services
MSBF,MSB Financial Corp.,Finance,Savings Institutions
MFSF,MutualFirst Financial Inc.,Finance,Major Banks
NTP,Nam Tai Property Inc.,Finance,Real Estate
NDAQ,"Nasdaq, Inc.",Finance,Investment Bankers/Brokers/Service
NBHC,National Bank Holdings Corporation,Finance,Major Banks
NKSH,"National Bankshares, Inc.",Finance,Major Banks
NCOM,National Commerce Corporation,Finance,Major Banks
NGHC,National General Holdings Corp,Finance,Property-Casualty Insurers
NGHCN,National General Holdings Corp,Finance,Property-Casualty Insurers
NGHCO,National General Holdings Corp,Finance,Property-Casualty Insurers
NGHCP,National General Holdings Corp,Finance,Property-Casualty Insurers
NGHCZ,National General Holdings Corp,Finance,Property-Casualty Insurers
NHLD,National Holdings Corporation,Finance,Investment Bankers/Brokers/Service
NSEC,"National Security Group, Inc.",Finance,Life Insurance
NWLI,"National Western Life Group, Inc.",Finance,Life Insurance
NSM,Nationstar Mortgage Holdings Inc.,Finance,Finance: Consumer Services
NW^C,Natl Westminster Pfd,Finance,Commercial Banks
NAVI,Navient Corporation,Finance,Investment Bankers/Brokers/Service
NBTB,NBT Bancorp Inc.,Finance,Major Banks
NNI,"Nelnet, Inc.",Finance,Finance: Consumer Services
UEPS,"Net 1 UEPS Technologies, Inc.",Finance,Investment Bankers/Brokers/Service
NYCB,"New York Community Bancorp, Inc.",Finance,Banks
NYMTP,"New York Mortgage Trust, Inc.",Finance,Finance: Consumer Services
NEWS,"NewStar Financial, Inc.",Finance,Finance: Consumer Services
NICK,"Nicholas Financial, Inc.",Finance,Finance Companies
NCBS,Nicolet Bankshares Inc.,Finance,Major Banks
NMIH,NMI Holdings Inc,Finance,Property-Casualty Insurers
NOAH,Noah Holdings Ltd.,Finance,Investment Managers
NMR,Nomura Holdings Inc ADR,Finance,Investment Bankers/Brokers/Service
NBN,Northeast Bancorp,Finance,Major Banks
NTRS,Northern Trust Corporation,Finance,Major Banks
NTRSP,Northern Trust Corporation,Finance,Major Banks
NFBK,"Northfield Bancorp, Inc.",Finance,Savings Institutions
NRIM,Northrim BanCorp Inc,Finance,Savings Institutions
NSAM,"NorthStar Asset Management Group, Inc.",Finance,Real Estate
NWBI,"Northwest Bancshares, Inc.",Finance,Major Banks
NWFL,Norwood Financial Corp.,Finance,Major Banks
OVLY,Oak Valley Bancorp (CA),Finance,Major Banks
OAK,"Oaktree Capital Group, LLC",Finance,Investment Managers
OSHC,Ocean Shore Holding Co.,Finance,Savings Institutions
OCFC,OceanFirst Financial Corp.,Finance,Savings Institutions
OZM,Och-Ziff Capital Management Group LLC,Finance,Investment Managers
OFED,Oconee Federal Financial Corp.,Finance,Savings Institutions
OCN,Ocwen Financial Corporation,Finance,Finance: Consumer Services
OFG,OFG Bancorp,Finance,Major Banks
OFG^A,OFG Bancorp,Finance,Major Banks
OVBC,Ohio Valley Banc Corp.,Finance,Major Banks
OLBK,"Old Line Bancshares, Inc.",Finance,Major Banks
ONB,Old National Bancorp,Finance,Major Banks
OPOF,Old Point Financial Corporation,Finance,Major Banks
ORI,Old Republic International Corporation,Finance,Property-Casualty Insurers
OSBC,"Old Second Bancorp, Inc.",Finance,Major Banks
OSBCP,"Old Second Bancorp, Inc.",Finance,Major Banks
OMAA,OM Asset Management plc,Finance,Investment Managers
OMAM,OM Asset Management plc,Finance,Investment Managers
ONDK,"On Deck Capital, Inc.",Finance,Finance: Consumer Services
OB,"OneBeacon Insurance Group, Ltd.",Finance,Property-Casualty Insurers
OMF,"OneMain Holdings, Inc.",Finance,Finance: Consumer Services
OPY,"Oppenheimer Holdings, Inc.",Finance,Investment Bankers/Brokers/Service
OBAS,Optibase Ltd.,Finance,Real Estate
OPHC,"OptimumBank Holdings, Inc.",Finance,Major Banks
OACQ,Origo Acquisition Corporation,Finance,Business Services
OACQR,Origo Acquisition Corporation,Finance,Business Services
OACQU,Origo Acquisition Corporation,Finance,Business Services
OACQW,Origo Acquisition Corporation,Finance,Business Services
ORIT,Oritani Financial Corp.,Finance,Major Banks
IX,Orix Corp Ads,Finance,Diversified Financial Services
ORRF,Orrstown Financial Services Inc,Finance,Major Banks
OTTW,"Ottawa Bancorp, Inc.",Finance,Savings Institutions
OXBR,Oxbridge Re Holdings Limited,Finance,Property-Casualty Insurers
OXBRW,Oxbridge Re Holdings Limited,Finance,Property-Casualty Insurers
PACE,Pace Holdings Corp.,Finance,Business Services
PACEU,Pace Holdings Corp.,Finance,Business Services
PACEW,Pace Holdings Corp.,Finance,Business Services
PCBK,Pacific Continental Corporation (Ore),Finance,Major Banks
PMBC,Pacific Mercantile Bancorp,Finance,Major Banks
PPBI,Pacific Premier Bancorp Inc,Finance,Major Banks
PAAC,Pacific Special Acquisition Corp.,Finance,Business Services
PAACR,Pacific Special Acquisition Corp.,Finance,Business Services
PAACU,Pacific Special Acquisition Corp.,Finance,Business Services
PAACW,Pacific Special Acquisition Corp.,Finance,Business Services
PACW,PacWest Bancorp,Finance,Major Banks
PBNC,Paragon Commercial Corporation,Finance,Major Banks
PRK,Park National Corporation,Finance,Major Banks
PSTB,Park Sterling Corporation,Finance,Major Banks
PKBK,"Parke Bancorp, Inc.",Finance,Major Banks
PBHC,"Pathfinder Bancorp, Inc.",Finance,Major Banks
PNBK,Patriot National Bancorp Inc.,Finance,Major Banks
PN,"Patriot National, Inc.",Finance,Specialty Insurers
PYDS,"Payment Data Systems, Inc.",Finance,Investment Bankers/Brokers/Service
PBBI,"PB Bancorp, Inc.",Finance,Savings Institutions
PGC,Peapack-Gladstone Financial Corporation,Finance,Commercial Banks
PWOD,"Penns Woods Bancorp, Inc.",Finance,Major Banks
PFSI,"PennyMac Financial Services, Inc.",Finance,Finance: Consumer Services
PEBO,Peoples Bancorp Inc.,Finance,Major Banks
PEBK,"Peoples Bancorp of North Carolina, Inc.",Finance,Major Banks
PFBX,Peoples Financial Corporation,Finance,Major Banks
PFIS,Peoples Financial Services Corp. ,Finance,Major Banks
PBCT,"People&#39;s United Financial, Inc.",Finance,Savings Institutions
PUB,People&#39;s Utah Bancorp,Finance,Major Banks
PHH,PHH Corp,Finance,Diversified Financial Services
PICO,PICO Holdings Inc.,Finance,Real Estate
PNFP,"Pinnacle Financial Partners, Inc.",Finance,Major Banks
PJC,Piper Jaffray Companies,Finance,Investment Bankers/Brokers/Service
PJT,PJT Partners Inc.,Finance,Investment Managers
PLBC,Plumas Bancorp,Finance,Finance Companies
PNC,"PNC Financial Services Group, Inc. (The)",Finance,Major Banks
PBSK,"Poage Bankshares, Inc.",Finance,Savings Institutions
BPOP,"Popular, Inc.",Finance,Major Banks
BPOPM,"Popular, Inc.",Finance,Major Banks
BPOPN,"Popular, Inc.",Finance,Major Banks
PBIB,"Porter Bancorp, Inc.",Finance,Major Banks
PYS,PPlus Trust,Finance,Finance: Consumer Services
PYT,PPlus Trust,Finance,Finance: Consumer Services
PRAA,"PRA Group, Inc.",Finance,Finance: Consumer Services
PFBI,"Premier Financial Bancorp, Inc.",Finance,Major Banks
PRI,"Primerica, Inc.",Finance,Life Insurance
PFG,Principal Financial Group Inc,Finance,Accident &Health Insurance
PVTB,"PrivateBancorp, Inc.",Finance,Major Banks
PVTBP,"PrivateBancorp, Inc.",Finance,Major Banks
PVTD,"PrivateBancorp, Inc.",Finance,Major Banks
PRA,ProAssurance Corporation,Finance,Property-Casualty Insurers
PGR,Progressive Corporation (The),Finance,Property-Casualty Insurers
PB,"Prosperity Bancshares, Inc.",Finance,Major Banks
PVBC,"Provident Bancorp, Inc.",Finance,Savings Institutions
PROV,"Provident Financial Holdings, Inc.",Finance,Savings Institutions
PFS,"Provident Financial Services, Inc",Finance,Savings Institutions
PBIP,"Prudential Bancorp, Inc.",Finance,Banks
PFK,"Prudential Financial, Inc.",Finance,Life Insurance
PJH,"Prudential Financial, Inc.",Finance,Life Insurance
PRH,"Prudential Financial, Inc.",Finance,Life Insurance
PRU,"Prudential Financial, Inc.",Finance,Life Insurance
PUK,Prudential Public Limited Company,Finance,Life Insurance
PZN,Pzena Investment Management Inc,Finance,Investment Managers
QCRH,"QCR Holdings, Inc.",Finance,Major Banks
QPAC,Quinpario Acquisition Corp. 2,Finance,Business Services
QPACU,Quinpario Acquisition Corp. 2,Finance,Business Services
QPACW,Quinpario Acquisition Corp. 2,Finance,Business Services
RDN,Radian Group Inc.,Finance,Property-Casualty Insurers
RNDB,"Randolph Bancorp, Inc.",Finance,Major Banks
RJD,"Raymond James Financial, Inc.",Finance,Investment Bankers/Brokers/Service
RJF,"Raymond James Financial, Inc.",Finance,Investment Bankers/Brokers/Service
TALL,RBC S&P 500 Trend Allocator Index ETN,Finance,Commercial Banks
RMAX,"RE/MAX Holdings, Inc.",Finance,Real Estate
RLGY,Realogy Holdings Corp.,Finance,Real Estate
RM,Regional Management Corp.,Finance,Finance: Consumer Services
RF,Regions Financial Corporation,Finance,Major Banks
RGA,"Reinsurance Group of America, Incorporated",Finance,Life Insurance
RZA,"Reinsurance Group of America, Incorporated",Finance,Life Insurance
RZB,"Reinsurance Group of America, Incorporated",Finance,Life Insurance
RNR,RenaissanceRe Holdings Ltd.,Finance,Property-Casualty Insurers
RNST,Renasant Corporation,Finance,Major Banks
RBCAA,"Republic Bancorp, Inc.",Finance,Major Banks
FRBK,"Republic First Bancorp, Inc.",Finance,Major Banks
RVSB,Riverview Bancorp Inc,Finance,Savings Institutions
RLI,RLI Corp.,Finance,Property-Casualty Insurers
ROL,"Rollins, Inc.",Finance,Diversified Commercial Services
RBPAA,"Royal Bancshares of Pennsylvania, Inc.",Finance,Major Banks
RY,Royal Bank Of Canada,Finance,Commercial Banks
RBS,Royal Bank Scotland plc (The),Finance,Commercial Banks
RBS^F,Royal Bank Scotland plc (The),Finance,Commercial Banks
RBS^H,Royal Bank Scotland plc (The),Finance,Commercial Banks
SPGI,S&P Global Inc.,Finance,Finance: Consumer Services
STBA,"S&T Bancorp, Inc.",Finance,Major Banks
SCAC,Saban Capital Acquisition Corp.,Finance,Business Services
SCACW,Saban Capital Acquisition Corp.,Finance,Business Services
SFE,"Safeguard Scientifics, Inc.",Finance,Finance/Investors Services
SAFT,"Safety Insurance Group, Inc.",Finance,Property-Casualty Insurers
SAL,"Salisbury Bancorp, Inc.",Finance,Savings Institutions
SASR,"Sandy Spring Bancorp, Inc.",Finance,Major Banks
SC,Santander Consumer USA Holdings Inc.,Finance,Finance: Consumer Services
SBFG,"SB Financial Group, Inc.",Finance,Major Banks
SBFGP,"SB Financial Group, Inc.",Finance,Major Banks
SEB,Seaboard Corporation,Finance,Investment Bankers/Brokers/Service
SBCF,Seacoast Banking Corporation of Florida,Finance,Major Banks
SNFCA,Security National Financial Corporation,Finance,Finance: Consumer Services
SEIC,SEI Investments Company,Finance,Investment Bankers/Brokers/Service
JBN,Select Asset Inc.,Finance,Finance: Consumer Services
JBR,Select Asset Inc.,Finance,Finance: Consumer Services
SLCT,"Select Bancorp, Inc.",Finance,Major Banks
SGZA,"Selective Insurance Group, Inc.",Finance,Property-Casualty Insurers
SIGI,"Selective Insurance Group, Inc.",Finance,Property-Casualty Insurers
SRG,Seritage Growth Properties,Finance,Real Estate
SFBS,"ServisFirst Bancshares, Inc.",Finance,Major Banks
SVBI,Severn Bancorp Inc,Finance,Major Banks
SHG,Shinhan Financial Group Co Ltd,Finance,Major Banks
SHBI,Shore Bancshares Inc,Finance,Major Banks
SIFI,"SI Financial Group, Inc.",Finance,Savings Institutions
SIEB,Siebert Financial Corp.,Finance,Investment Bankers/Brokers/Service
BSRR,Sierra Bancorp,Finance,Major Banks
SBNY,Signature Bank,Finance,Major Banks
SBNYW,Signature Bank,Finance,Major Banks
SAMG,Silvercrest Asset Management Group Inc.,Finance,Investment Managers
SFNC,Simmons First National Corporation,Finance,Major Banks
ISM,SLM Corporation,Finance,Finance: Consumer Services
JSM,SLM Corporation,Finance,Finance: Consumer Services
OSM,SLM Corporation,Finance,Finance: Consumer Services
SLM,SLM Corporation,Finance,Finance: Consumer Services
SLMAP,SLM Corporation,Finance,Finance: Consumer Services
SLMBP,SLM Corporation,Finance,Finance: Consumer Services
SMBK,"SmartFinancial, Inc.",Finance,Major Banks
SFBC,"Sound Financial Bancorp, Inc.",Finance,Savings Institutions
SSB,South State Corporation,Finance,Major Banks
SFST,"Southern First Bancshares, Inc.",Finance,Major Banks
SMBC,"Southern Missouri Bancorp, Inc.",Finance,Banks
SONA,"Southern National Bancorp of Virginia, Inc.",Finance,Major Banks
SBSI,"Southside Bancshares, Inc.",Finance,Major Banks
OKSB,"Southwest Bancorp, Inc.",Finance,Major Banks
SGB,Southwest Georgia Financial Corporation,Finance,Major Banks
STFC,State Auto Financial Corporation,Finance,Property-Casualty Insurers
STBZ,State Bank Financial Corporation.,Finance,Major Banks
SNC,"State National Companies, Inc.",Finance,Property-Casualty Insurers
STT,State Street Corporation,Finance,Major Banks
STLR,Stellar Acquisition III Inc.,Finance,Business Services
STLRU,Stellar Acquisition III Inc.,Finance,Business Services
STLRW,Stellar Acquisition III Inc.,Finance,Business Services
STL,Sterling Bancorp,Finance,Major Banks
SSFN,Stewardship Financial Corp,Finance,Major Banks
STC,Stewart Information Services Corporation,Finance,Specialty Insurers
SF,Stifel Financial Corporation,Finance,Investment Bankers/Brokers/Service
SF^A,Stifel Financial Corporation,Finance,Investment Bankers/Brokers/Service
SYBT,"Stock Yards Bancorp, Inc.",Finance,Major Banks
SGM,Stonegate Mortgage Corporation,Finance,Finance: Consumer Services
GJH,STRATS Trust,Finance,Finance: Consumer Services
GJS,STRATS Trust,Finance,Finance: Consumer Services
GJO,STRATS Trust,Finance,Finance: Consumer Services
SCNB,Suffolk Bancorp,Finance,Major Banks
SMFG,Sumitomo Mitsui Financial Group Inc,Finance,Commercial Banks
SMMF,"Summit Financial Group, Inc.",Finance,Major Banks
SNBC,"Sun Bancorp, Inc.",Finance,Commercial Banks
SLF,Sun Life Financial Inc.,Finance,Life Insurance
SBCP,"Sunshine Bancorp, Inc.",Finance,Savings Institutions
STI,"SunTrust Banks, Inc.",Finance,Major Banks
SBBX,Sussex Bancorp,Finance,Major Banks
SIVB,SVB Financial Group,Finance,Major Banks
SIVBO,SVB Financial Group,Finance,Major Banks
SYF,Synchrony Financial,Finance,Finance: Consumer Services
SNV,Synovus Financial Corp.,Finance,Major Banks
GJT,"Synthetic Fixed-Income Securities, Inc.",Finance,Finance: Consumer Services
GJV,"Synthetic Fixed-Income Securities, Inc.",Finance,Finance: Consumer Services
TROW,"T. Rowe Price Group, Inc.",Finance,Investment Bankers/Brokers/Service
TCB,TCF Financial Corporation,Finance,Major Banks
AMTD,TD Ameritrade Holding Corporation,Finance,Investment Bankers/Brokers/Service
TRC,Tejon Ranch Co,Finance,Real Estate
TRTL,Terrapin 3 Acquisition Corporation,Finance,Business Services
TRTLU,Terrapin 3 Acquisition Corporation,Finance,Business Services
TRTLW,Terrapin 3 Acquisition Corporation,Finance,Business Services
TRNO,Terreno Realty Corporation,Finance,Real Estate
TBNK,Territorial Bancorp Inc.,Finance,Savings Institutions
TCBI,"Texas Capital Bancshares, Inc.",Finance,Major Banks
TCBIL,"Texas Capital Bancshares, Inc.",Finance,Major Banks
TCBIP,"Texas Capital Bancshares, Inc.",Finance,Major Banks
TCBIW,"Texas Capital Bancshares, Inc.",Finance,Major Banks
TFSL,TFS Financial Corporation,Finance,Savings Institutions
TBBK,"The Bancorp, Inc.",Finance,Major Banks
BX,The Blackstone Group L.P.,Finance,Investment Managers
CG,The Carlyle Group L.P.,Finance,Investment Managers
SCHW,The Charles Schwab Corporation,Finance,Investment Bankers/Brokers/Service
TCFC,The Community Financial Corporation,Finance,Major Banks
FBMS,"The First Bancshares, Inc.",Finance,Major Banks
FLIC,The First of Long Island Corporation,Finance,Major Banks
THG,"The Hanover Insurance Group, Inc.",Finance,Property-Casualty Insurers
THGA,"The Hanover Insurance Group, Inc.",Finance,Property-Casualty Insurers
NAVG,"The Navigators Group, Inc.",Finance,Property-Casualty Insurers
TRV,"The Travelers Companies, Inc.",Finance,Property-Casualty Insurers
TPRE,Third Point Reinsurance Ltd.,Finance,Property-Casualty Insurers
TIL,Till Capital Ltd.,Finance,Property-Casualty Insurers
TSBK,"Timberland Bancorp, Inc.",Finance,Banks
TIPT,Tiptree Financial Inc.,Finance,Specialty Insurers
TMP,Tompkins Financial Corporation,Finance,Major Banks
TMK,Torchmark Corporation,Finance,Life Insurance
TD,Toronto Dominion Bank (The),Finance,Commercial Banks
TRU,TransUnion,Finance,Finance: Consumer Services
TCBK,TriCo Bancshares,Finance,Major Banks
GTS,Triple-S Management Corporation,Finance,Accident &Health Insurance
TSC,"TriState Capital Holdings, Inc.",Finance,Major Banks
TBK,"Triumph Bancorp, Inc.",Finance,Major Banks
TRST,TrustCo Bank Corp NY,Finance,Major Banks
TRMK,Trustmark Corporation,Finance,Major Banks
TRCB,Two River Bancorp,Finance,Major Banks
USB,U.S. Bancorp,Finance,Major Banks
USB^A,U.S. Bancorp,Finance,Major Banks
GROW,"U.S. Global Investors, Inc.",Finance,Investment Managers
UBS,UBS AG,Finance,Major Banks
UMBF,UMB Financial Corporation,Finance,Major Banks
UMPQ,Umpqua Holdings Corporation,Finance,Savings Institutions
UNAM,Unico American Corporation,Finance,Property-Casualty Insurers
UBSH,Union Bankshares Corporation,Finance,Major Banks
UNB,"Union Bankshares, Inc.",Finance,Major Banks
UBCP,"United Bancorp, Inc.",Finance,Major Banks
UBOH,"United Bancshares, Inc.",Finance,Major Banks
UBSI,"United Bankshares, Inc.",Finance,Major Banks
UCBA,United Community Bancorp,Finance,Savings Institutions
UCBI,"United Community Banks, Inc.",Finance,Major Banks
UCFC,United Community Financial Corp.,Finance,Banks
UBNK,"United Financial Bancorp, Inc. ",Finance,Banks
UFCS,"United Fire Group, Inc",Finance,Property-Casualty Insurers
UIHC,United Insurance Holdings Corp.,Finance,Property-Casualty Insurers
UBFO,United Security Bancshares,Finance,Major Banks
UNTY,"Unity Bancorp, Inc.",Finance,Major Banks
UVE,UNIVERSAL INSURANCE HOLDINGS INC,Finance,Property-Casualty Insurers
UVSP,Univest Corporation of Pennsylvania,Finance,Major Banks
UNM,Unum Group,Finance,Accident &Health Insurance
UE,Urban Edge Properties,Finance,Real Estate
VR,"Validus Holdings, Ltd.",Finance,Property-Casualty Insurers
VLY,Valley National Bancorp,Finance,Major Banks
VLY^A,Valley National Bancorp,Finance,Major Banks
VALU,"Value Line, Inc.",Finance,Investment Managers
DGLD,VelocityShares 3x Inverse Gold ETN linked to S&P GSCI Gold Ind,Finance,Investment Bankers/Brokers/Service
DSLV,VelocityShares 3x Inverse Silver ETN linked to S&P GSCI Silver,Finance,Investment Bankers/Brokers/Service
UGLD,VelocityShares 3x Long Gold ETN linked to the S&P GSCI Gold In,Finance,Investment Bankers/Brokers/Service
USLV,VelocityShares 3x Long Silver ETN linked to the S&P GSCI Silve,Finance,Investment Bankers/Brokers/Service
TVIZ,VelocityShares Daily 2x VIX Medium Term ETN,Finance,Investment Bankers/Brokers/Service
TVIX,VelocityShares Daily 2x VIX Short Term ETN,Finance,Investment Bankers/Brokers/Service
ZIV,VelocityShares Daily Inverse VIX Medium Term ETN,Finance,Investment Bankers/Brokers/Service
XIV,VelocityShares Daily Inverse VIX Short Term ETN,Finance,Investment Bankers/Brokers/Service
VIIZ,VelocityShares VIX Medium Term ETN,Finance,Investment Bankers/Brokers/Service
VIIX,VelocityShares VIX Short Term ETN,Finance,Investment Bankers/Brokers/Service
VBTX,"Veritex Holdings, Inc.",Finance,Major Banks
VBFC,Village Bank and Trust Financial Corp.,Finance,Major Banks
VIRT,"Virtu Financial, Inc.",Finance,Investment Bankers/Brokers/Service
VRTS,"Virtus Investment Partners, Inc.",Finance,Investment Managers
VLTC,Voltari Corporation,Finance,Real Estate
VOYA,"Voya Financial, Inc.",Finance,Life Insurance
WRB,W.R. Berkley Corporation,Finance,Property-Casualty Insurers
WDR,"Waddell & Reed Financial, Inc.",Finance,Investment Bankers/Brokers/Service
WD,"Walker & Dunlop, Inc.",Finance,Finance: Consumer Services
WAC,Walter Investment Management Corp.,Finance,Finance: Consumer Services
WAFD,"Washington Federal, Inc.",Finance,Major Banks
WAFDW,"Washington Federal, Inc.",Finance,Major Banks
WASH,"Washington Trust Bancorp, Inc.",Finance,Major Banks
WFBI,WashingtonFirst Bankshares Inc,Finance,Major Banks
WSBF,"Waterstone Financial, Inc.",Finance,Savings Institutions
WAYN,Wayne Savings Bancshares Inc.,Finance,Savings Institutions
WCFB,"WCF Bancorp, Inc.",Finance,Major Banks
WEBK,"Wellesley Bancorp, Inc.",Finance,Banks
WFC,Wells Fargo & Company,Finance,Major Banks
WSBC,"WesBanco, Inc.",Finance,Major Banks
WTBA,West Bancorporation,Finance,Major Banks
WABC,Westamerica Bancorporation,Finance,Major Banks
WBB,"Westbury Bancorp, Inc.",Finance,Major Banks
WAL,Western Alliance Bancorporation,Finance,Major Banks
WALA,Western Alliance Bancorporation,Finance,Major Banks
WNEB,"Western New England Bancorp, Inc.",Finance,Savings Institutions
WBK,Westpac Banking Corporation,Finance,Commercial Banks
WHG,Westwood Holdings Group Inc,Finance,Investment Managers
WTM,"White Mountains Insurance Group, Ltd.",Finance,Property-Casualty Insurers
WLTW,Willis Towers Watson Public Limited Company,Finance,Specialty Insurers
WINS,Wins Finance Holdings Inc.,Finance,Finance: Consumer Services
WTFC,Wintrust Financial Corporation,Finance,Major Banks
WTFCM,Wintrust Financial Corporation,Finance,Major Banks
WTFCW,Wintrust Financial Corporation,Finance,Major Banks
WETF,"WisdomTree Investments, Inc.",Finance,Investment Bankers/Brokers/Service
WMIH,WMIH Corp.,Finance,Finance: Consumer Services
WBKC,"Wolverine Bancorp, Inc.",Finance,Banks
WF,Woori Bank,Finance,Commercial Banks
WRLD,World Acceptance Corporation,Finance,Finance: Consumer Services
WSFS,WSFS Financial Corporation,Finance,Major Banks
WSFSL,WSFS Financial Corporation,Finance,Major Banks
WVFC,WVS Financial Corp.,Finance,Banks
XBKS,"Xenith Bankshares, Inc.",Finance,Major Banks
XL,XL Group Ltd.,Finance,Property-Casualty Insurers
YDKN,Yadkin Financial Corporation,Finance,Major Banks
YIN,Yintech Investment Holdings Limited,Finance,Investment Bankers/Brokers/Service
YRD,Yirendai Ltd.,Finance,Finance: Consumer Services
ZAIS,"ZAIS Group Holdings, Inc.",Finance,Investment Managers
ZBK,Zions Bancorporation,Finance,Major Banks
ZION,Zions Bancorporation,Finance,Major Banks
ZIONW,Zions Bancorporation,Finance,Major Banks
ZIONZ,Zions Bancorporation,Finance,Major Banks