Symbol,Name,Sector,Industry
MMM,3M Company,Health Care,Medical/Dental Instruments
AAC,"AAC Holdings, Inc.",Health Care,Medical Specialities
ABT,Abbott Laboratories,Health Care,Major Pharmaceuticals
ABBV,AbbVie Inc.,Health Care,Major Pharmaceuticals
ABEO,Abeona Therapeutics Inc.,Health Care,Major Pharmaceuticals
ABEOW,Abeona Therapeutics Inc.,Health Care,Major Pharmaceuticals
ABMD,"ABIOMED, Inc.",Health Care,Medical/Dental Instruments
ACIU,AC Immune SA,Health Care,Major Pharmaceuticals
ACHC,"Acadia Healthcare Company, Inc.",Health Care,Medical Specialities
ACAD,ACADIA Pharmaceuticals Inc.,Health Care,Major Pharmaceuticals
ACST,"Acasti Pharma, Inc.",Health Care,Major Pharmaceuticals
XLRN,Acceleron Pharma Inc.,Health Care,Biotechnology: Biological Products (No Diagnostic Substances)
ARAY,Accuray Incorporated,Health Care,Medical/Dental Instruments
ACRX,"AcelRx Pharmaceuticals, Inc.",Health Care,Major Pharmaceuticals
ACET,Aceto Corporation,Health Care,Other Pharmaceuticals
AKAO,"Achaogen, Inc.",Health Care,Major Pharmaceuticals
ACHN,"Achillion Pharmaceuticals, Inc.",Health Care,Major Pharmaceuticals
ACRS,"Aclaris Therapeutics, Inc.",Health Care,Major Pharmaceuticals
ACOR,"Acorda Therapeutics, Inc.",Health Care,Biotechnology: Biological Products (No Diagnostic Substances)
ATNM,"Actinium Pharmaceuticals, Inc.",Health Care,Major Pharmaceuticals
ACUR,"Acura Pharmaceuticals, Inc.",Health Care,Major Pharmaceuticals
ADMS,"Adamas Pharmaceuticals, Inc.",Health Care,Major Pharmaceuticals
ADMP,Adamis Pharmaceuticals Corporation,Health Care,Major Pharmaceuticals
ADAP,Adaptimmune Therapeutics plc,Health Care,Biotechnology: Biological Products (No Diagnostic Substances)
ADK,Adcare Health Systems Inc,Health Care,Hospital/Nursing Management
ADUS,Addus HomeCare Corporation,Health Care,Medical/Nursing Services
ADPT,Adeptus Health Inc.,Health Care,Hospital/Nursing Management
ADMA,ADMA Biologics Inc,Health Care,Biotechnology: Biological Products (No Diagnostic Substances)
ADRO,"Aduro Biotech, Inc.",Health Care,Major Pharmaceuticals
AAAP,Advanced Accelerator Applications S.A.,Health Care,Major Pharmaceuticals
ADXS,"Advaxis, Inc.",Health Care,Major Pharmaceuticals
ADXSW,"Advaxis, Inc.",Health Care,Major Pharmaceuticals
ADVM,"Adverum Biotechnologies, Inc.",Health Care,Biotechnology: Biological Products (No Diagnostic Substances)
AEGR,"Aegerion Pharmaceuticals, Inc.",Health Care,Major Pharmaceuticals
AGLE,"Aeglea BioTherapeutics, Inc.",Health Care,Major Pharmaceuticals
AERI,"Aerie Pharmaceuticals, Inc.",Health Care,Biotechnology: Biological Products (No Diagnostic Substances)
AEZS,AEterna Zentaris Inc.,Health Care,Major Pharmaceuticals
AET,Aetna Inc.,Health Care,Medical Specialities
AFMD,Affimed N.V.,Health Care,Major Pharmaceuticals
AGEN,Agenus Inc.,Health Care,Biotechnology: Biological Products (No Diagnostic Substances)
AGRX,"Agile Therapeutics, Inc.",Health Care,Major Pharmaceuticals
AGIO,"Agios Pharmaceuticals, Inc.",Health Care,Major Pharmaceuticals
AIMT,"Aimmune Therapeutics, Inc.",Health Care,Major Pharmaceuticals
AKTX,Akari Therapeutics Plc,Health Care,Major Pharmaceuticals
AKBA,"Akebia Therapeutics, Inc.",Health Care,Major Pharmaceuticals
AKER,Akers Biosciences Inc,Health Care,Biotechnology: In Vitro & In Vivo Diagnostic Substances
AKRX,"Akorn, Inc.",Health Care,Major Pharmaceuticals
AMRI,"Albany Molecular Research, Inc.",Health Care,Biotechnology: Commercial Physical & Biological Resarch
ALBO,"Albireo Pharma, Inc.",Health Care,Major Pharmaceuticals
ADHD,Alcobra Ltd.,Health Care,Major Pharmaceuticals
ALDR,"Alder BioPharmaceuticals, Inc.",Health Care,Major Pharmaceuticals
ALDX,"Aldeyra Therapeutics, Inc.",Health Care,Major Pharmaceuticals
ALR,Alere Inc.,Health Care,Biotechnology: In Vitro & In Vivo Diagnostic Substances
ALXN,"Alexion Pharmaceuticals, Inc.",Health Care,Major Pharmaceuticals
ALGN,"Align Technology, Inc.",Health Care,Industrial Specialties
ALIM,"Alimera Sciences, Inc.",Health Care,Major Pharmaceuticals
ALKS,Alkermes plc,Health Care,Major Pharmaceuticals
AGN,Allergan plc.,Health Care,Major Pharmaceuticals
AIQ,"Alliance HealthCare Services, Inc.",Health Care,Medical Specialities
AHPI,"Allied Healthcare Products, Inc.",Health Care,Industrial Specialties
ALQA,"Alliqua BioMedical, Inc.",Health Care,Medical/Dental Instruments
AFAM,Almost Family Inc,Health Care,Medical/Nursing Services
ALNY,"Alnylam Pharmaceuticals, Inc.",Health Care,Major Pharmaceuticals
APT,"Alpha Pro Tech, Ltd.",Health Care,Industrial Specialties
ATEC,"Alphatec Holdings, Inc.",Health Care,Medical/Dental Instruments
AMAG,"AMAG Pharmaceuticals, Inc.",Health Care,Major Pharmaceuticals
AMRN,Amarin Corporation plc,Health Care,Major Pharmaceuticals
AMDA,Amedica Corporation,Health Care,Medical/Dental Instruments
AMED,Amedisys Inc,Health Care,Medical/Nursing Services
ARA,"American Renal Associates Holdings, Inc",Health Care,Hospital/Nursing Management
AMS,American Shared Hospital Services,Health Care,Medical Specialities
ABC,AmerisourceBergen Corporation (Holding Co),Health Care,Other Pharmaceuticals
AMGN,Amgen Inc.,Health Care,Biotechnology: Biological Products (No Diagnostic Substances)
FOLD,"Amicus Therapeutics, Inc.",Health Care,Major Pharmaceuticals
AMPH,"Amphastar Pharmaceuticals, Inc.",Health Care,Major Pharmaceuticals
AMPE,"Ampio Pharmaceuticals, Inc.",Health Care,Major Pharmaceuticals
APHB,AmpliPhi Biosciences Corporation,Health Care,Biotechnology: Biological Products (No Diagnostic Substances)
AMSG,Amsurg Corp.,Health Care,Medical/Nursing Services
AMSGP,Amsurg Corp.,Health Care,Medical/Nursing Services
AVXL,Anavex Life Sciences Corp.,Health Care,Biotechnology: Commercial Physical & Biological Resarch
ANGO,"AngioDynamics, Inc.",Health Care,Medical/Dental Instruments
ANIP,"ANI Pharmaceuticals, Inc.",Health Care,Major Pharmaceuticals
ANIK,Anika Therapeutics Inc.,Health Care,Medical/Dental Instruments
ATRS,"Antares Pharma, Inc.",Health Care,Medical/Dental Instruments
ANTM,"Anthem, Inc.",Health Care,Medical Specialities
ANTX,"Anthem, Inc.",Health Care,Medical Specialities
ANTH,"Anthera Pharmaceuticals, Inc.",Health Care,Major Pharmaceuticals
AXN,"Aoxing Pharmaceutical Company, Inc.",Health Care,Major Pharmaceuticals
AGTC,Applied Genetic Technologies Corporation,Health Care,Biotechnology: Biological Products (No Diagnostic Substances)
APRI,"Apricus Biosciences, Inc.",Health Care,Major Pharmaceuticals
APVO,Aptevo Therapeutics Inc.,Health Care,Major Pharmaceuticals
APTO,"Aptose Biosciences, Inc.",Health Care,Biotechnology: Biological Products (No Diagnostic Substances)
AQXP,"Aquinox Pharmaceuticals, Inc.",Health Care,Major Pharmaceuticals
ARDM,Aradigm Corporation,Health Care,Biotechnology: Electromedical & Electrotherapeutic Apparatus
ARLZ,Aralez Pharmaceuticals Inc.,Health Care,Major Pharmaceuticals
PETX,"Aratana Therapeutics, Inc.",Health Care,Major Pharmaceuticals
ABUS,Arbutus Biopharma Corporation,Health Care,Major Pharmaceuticals
ABIO,"ARCA biopharma, Inc.",Health Care,Biotechnology: In Vitro & In Vivo Diagnostic Substances
ARDX,"Ardelyx, Inc.",Health Care,Major Pharmaceuticals
ARNA,"Arena Pharmaceuticals, Inc.",Health Care,Major Pharmaceuticals
ARGS,"Argos Therapeutics, Inc.",Health Care,Major Pharmaceuticals
ARIA,"ARIAD Pharmaceuticals, Inc.",Health Care,Biotechnology: Biological Products (No Diagnostic Substances)
ARQL,"ArQule, Inc.",Health Care,Major Pharmaceuticals
ARRY,Array BioPharma Inc.,Health Care,Major Pharmaceuticals
HRT,Arrhythmia Research Technology Inc.,Health Care,Biotechnology: Electromedical & Electrotherapeutic Apparatus
ARWR,"Arrowhead Pharmaceuticals, Inc.",Health Care,Major Pharmaceuticals
ASND,Ascendis Pharma A/S,Health Care,Major Pharmaceuticals
ASMB,"Assembly Biosciences, Inc.",Health Care,Major Pharmaceuticals
AST,"Asterias Biotherapeutics, Inc.",Health Care,Biotechnology: Biological Products (No Diagnostic Substances)
AZN,Astrazeneca PLC,Health Care,Major Pharmaceuticals
ATRA,"Atara Biotherapeutics, Inc.",Health Care,Biotechnology: Biological Products (No Diagnostic Substances)
ATHX,"Athersys, Inc.",Health Care,Major Pharmaceuticals
ATOS,Atossa Genetics Inc.,Health Care,Medical/Dental Instruments
ATRC,"AtriCure, Inc.",Health Care,Medical/Dental Instruments
ATRI,Atrion Corporation,Health Care,Medical/Dental Instruments
LIFE,"aTyr Pharma, Inc.",Health Care,Biotechnology: Biological Products (No Diagnostic Substances)
BOLD,"Audentes Therapeutics, Inc.",Health Care,Biotechnology: Biological Products (No Diagnostic Substances)
AUPH,Aurinia Pharmaceuticals Inc,Health Care,Major Pharmaceuticals
EARS,Auris Medical Holding AG,Health Care,Major Pharmaceuticals
AVEO,"AVEO Pharmaceuticals, Inc.",Health Care,Major Pharmaceuticals
AVXS,"AveXis, Inc.",Health Care,Biotechnology: Biological Products (No Diagnostic Substances)
AVGR,"Avinger, Inc.",Health Care,Medical/Dental Instruments
AVIR,"Aviragen Therapeutics, Inc.",Health Care,Biotechnology: Biological Products (No Diagnostic Substances)
AXGN,"AxoGen, Inc.",Health Care,Biotechnology: Electromedical & Electrotherapeutic Apparatus
AXON          ,Axovant Sciences Ltd.,Health Care,Major Pharmaceuticals
AXSM,"Axsome Therapeutics, Inc.",Health Care,Major Pharmaceuticals
BAX,Baxter International Inc.,Health Care,Medical/Dental Instruments
BDX,"Becton, Dickinson and Company",Health Care,Medical/Dental Instruments
BGNE,"BeiGene, Ltd.",Health Care,Major Pharmaceuticals
BLPH,"Bellerophon Therapeutics, Inc.",Health Care,Major Pharmaceuticals
BLCM,"Bellicum Pharmaceuticals, Inc.",Health Care,Major Pharmaceuticals
BNTC,Benitec Biopharma Limited,Health Care,Major Pharmaceuticals
BNTCW,Benitec Biopharma Limited,Health Care,Major Pharmaceuticals
BASI,"Bioanalytical Systems, Inc.",Health Care,Biotechnology: Commercial Physical & Biological Resarch
ORPN,Bioblast Pharma Ltd.,Health Care,Major Pharmaceuticals
BIOC,"Biocept, Inc.",Health Care,Medical Specialities
BCRX,"BioCryst Pharmaceuticals, Inc.",Health Care,Biotechnology: Biological Products (No Diagnostic Substances)
BDSI,"BioDelivery Sciences International, Inc.",Health Care,Major Pharmaceuticals
BIIB,Biogen Inc.,Health Care,Biotechnology: Biological Products (No Diagnostic Substances)
BIOL,"Biolase, Inc.",Health Care,Medical/Dental Instruments
BLFS,"BioLife Solutions, Inc.",Health Care,Biotechnology: Electromedical & Electrotherapeutic Apparatus
BLRX,BioLineRx Ltd.,Health Care,Major Pharmaceuticals
BMRN,BioMarin Pharmaceutical Inc.,Health Care,Major Pharmaceuticals
BMRA,"Biomerica, Inc.",Health Care,Medical/Dental Instruments
BVXV,BiondVax Pharmaceuticals Ltd.,Health Care,Biotechnology: Biological Products (No Diagnostic Substances)
BVXVW,BiondVax Pharmaceuticals Ltd.,Health Care,Biotechnology: Biological Products (No Diagnostic Substances)
BPTH,"Bio-Path Holdings, Inc.",Health Care,Major Pharmaceuticals
BPMX,BioPharmX Corporation,Health Care,Major Pharmaceuticals
BIOS,"BioScrip, Inc.",Health Care,Medical/Nursing Services
BSTC,BioSpecifics Technologies Corp,Health Care,Major Pharmaceuticals
BSTG,"Biostage, Inc.",Health Care,Medical/Dental Instruments
BSPM,"Biostar Pharmaceuticals, Inc.",Health Care,Major Pharmaceuticals
TECH,Bio-Techne Corp,Health Care,Biotechnology: Biological Products (No Diagnostic Substances)
BEAT,"BioTelemetry, Inc.",Health Care,Medical Specialities
BTX,"BioTime, Inc.",Health Care,Biotechnology: Biological Products (No Diagnostic Substances)
BLUE,"bluebird bio, Inc.",Health Care,Biotechnology: Biological Products (No Diagnostic Substances)
BPMC,Blueprint Medicines Corporation,Health Care,Major Pharmaceuticals
BSX,Boston Scientific Corporation,Health Care,Medical/Dental Instruments
BVX,Bovie Medical Corporation,Health Care,Medical/Dental Instruments
BCLI,Brainstorm Cell Therapeutics Inc.,Health Care,Biotechnology: Biological Products (No Diagnostic Substances)
BMY,Bristol-Myers Squibb Company,Health Care,Major Pharmaceuticals
BKD,Brookdale Senior Living Inc.,Health Care,Hospital/Nursing Management
BCR,"C.R. Bard, Inc.",Health Care,Medical/Dental Instruments
CLBS,"Caladrius Biosciences, Inc.",Health Care,Hospital/Nursing Management
CALA,"Calithera Biosciences, Inc.",Health Care,Major Pharmaceuticals
CBM,Cambrex Corporation,Health Care,Major Pharmaceuticals
CGIX,"Cancer Genetics, Inc.",Health Care,Medical Specialities
CANF,Can-Fite Biopharma Ltd,Health Care,Major Pharmaceuticals
CMN,Cantel Medical Corp.,Health Care,Medical/Dental Instruments
CSU,Capital Senior Living Corporation,Health Care,Hospital/Nursing Management
CAPN,"Capnia, Inc.",Health Care,Biotechnology: Electromedical & Electrotherapeutic Apparatus
CAPNW,"Capnia, Inc.",Health Care,Biotechnology: Electromedical & Electrotherapeutic Apparatus
CAPR,"Capricor Therapeutics, Inc.",Health Care,Major Pharmaceuticals
CARA,"Cara Therapeutics, Inc.",Health Care,Major Pharmaceuticals
CBYL,"Carbylan Therapeutics, Inc.",Health Care,Major Pharmaceuticals
CAH,"Cardinal Health, Inc.",Health Care,Other Pharmaceuticals
CRME,Cardiome Pharma Corporation,Health Care,Major Pharmaceuticals
CSII,"Cardiovascular Systems, Inc.",Health Care,Medical/Dental Instruments
CDNA,"CareDx, Inc.",Health Care,Medical Specialities
CASM,"CAS Medical Systems, Inc.",Health Care,Medical/Dental Instruments
CASC,"Cascadian Therapeutics, Inc.",Health Care,Biotechnology: Commercial Physical & Biological Resarch
CASI,"CASI Pharmaceuticals, Inc.",Health Care,Biotechnology: Biological Products (No Diagnostic Substances)
CATB,"Catabasis Pharmaceuticals, Inc.",Health Care,Major Pharmaceuticals
CTLT,"Catalent, Inc.",Health Care,Major Pharmaceuticals
CBIO,"Catalyst Biosciences, Inc. ",Health Care,Major Pharmaceuticals
CPRX,"Catalyst Pharmaceuticals, Inc.",Health Care,Major Pharmaceuticals
CELG,Celgene Corporation,Health Care,Major Pharmaceuticals
CELGZ,Celgene Corporation,Health Care,Major Pharmaceuticals
CLDX,"Celldex Therapeutics, Inc.",Health Care,Biotechnology: In Vitro & In Vivo Diagnostic Substances
CLRB,"Cellectar Biosciences, Inc.",Health Care,Major Pharmaceuticals
CLRBW,"Cellectar Biosciences, Inc.",Health Care,Major Pharmaceuticals
CLRBZ,"Cellectar Biosciences, Inc.",Health Care,Major Pharmaceuticals
CLLS,Cellectis S.A.,Health Care,Biotechnology: Biological Products (No Diagnostic Substances)
CBMG,"Cellular Biomedicine Group, Inc.",Health Care,Biotechnology: Biological Products (No Diagnostic Substances)
CVM,Cel-Sci Corporation,Health Care,Biotechnology: Biological Products (No Diagnostic Substances)
CLSN,Celsion Corporation,Health Care,Major Pharmaceuticals
CYAD,Celyad SA,Health Care,Major Pharmaceuticals
CEMP,"Cempra, Inc.",Health Care,Major Pharmaceuticals
CNC,Centene Corporation,Health Care,Medical Specialities
CERC,Cerecor Inc.,Health Care,Major Pharmaceuticals
CERCW,Cerecor Inc.,Health Care,Major Pharmaceuticals
CERCZ,Cerecor Inc.,Health Care,Major Pharmaceuticals
CERU,Cerulean Pharma Inc.,Health Care,Major Pharmaceuticals
CERS,Cerus Corporation,Health Care,Medical/Dental Instruments
CSBR,"Champions Oncology, Inc.",Health Care,Biotechnology: Biological Products (No Diagnostic Substances)
CRL,"Charles River Laboratories International, Inc.",Health Care,Biotechnology: Commercial Physical & Biological Resarch
CHEK,Check-Cap Ltd.,Health Care,Medical Electronics
CHEKW,Check-Cap Ltd.,Health Care,Medical Electronics
CEMI,"Chembio Diagnostics, Inc.",Health Care,Major Pharmaceuticals
CHE,Chemed Corp.,Health Care,Medical/Nursing Services
CCXI,"ChemoCentryx, Inc.",Health Care,Major Pharmaceuticals
CHMA,"Chiasma, Inc.",Health Care,Major Pharmaceuticals
CMRX,"Chimerix, Inc.",Health Care,Major Pharmaceuticals
CBPO,"China Biologic Products, Inc.",Health Care,Biotechnology: Biological Products (No Diagnostic Substances)
CPHI,"China Pharma Holdings, Inc.",Health Care,Major Pharmaceuticals
CDTX,"Cidara Therapeutics, Inc.",Health Care,Biotechnology: Biological Products (No Diagnostic Substances)
CI,Cigna Corporation,Health Care,Medical Specialities
CPHR,Cipher Pharmaceuticals Inc.,Health Care,Major Pharmaceuticals
CIVI,"Civitas Solutions, Inc.",Health Care,Medical/Nursing Services
CLSD,"Clearside Biomedical, Inc.",Health Care,Major Pharmaceuticals
CBLI,"Cleveland BioLabs, Inc.",Health Care,Biotechnology: Commercial Physical & Biological Resarch
CLVS,"Clovis Oncology, Inc.",Health Care,Major Pharmaceuticals
CGNT,"Cogentix Medical, Inc.",Health Care,Biotechnology: Electromedical & Electrotherapeutic Apparatus
CHRS,"Coherus BioSciences, Inc.",Health Care,Biotechnology: Biological Products (No Diagnostic Substances)
COLL,"Collegium Pharmaceutical, Inc.",Health Care,Major Pharmaceuticals
CLCD,"CoLucid Pharmaceuticals, Inc.",Health Care,Major Pharmaceuticals
CBMX,CombiMatrix Corporation,Health Care,Hospital/Nursing Management
CBMXW,CombiMatrix Corporation,Health Care,Hospital/Nursing Management
CYH,"Community Health Systems, Inc.",Health Care,Hospital/Nursing Management
CYHHZ,"Community Health Systems, Inc.",Health Care,Hospital/Nursing Management
CGEN,Compugen Ltd.,Health Care,Biotechnology: Biological Products (No Diagnostic Substances)
CNAT,Conatus Pharmaceuticals Inc.,Health Care,Major Pharmaceuticals
CNCE,"Concert Pharmaceuticals, Inc.",Health Care,Major Pharmaceuticals
CCM,Concord Medical Services Holdings Limited,Health Care,Medical/Nursing Services
CXRX,Concordia International Corp.,Health Care,Major Pharmaceuticals
CFMS,"ConforMIS, Inc.",Health Care,Industrial Specialties
CNMD,CONMED Corporation,Health Care,Biotechnology: Electromedical & Electrotherapeutic Apparatus
CFRX,ContraFect Corporation,Health Care,Major Pharmaceuticals
CFRXW,ContraFect Corporation,Health Care,Major Pharmaceuticals
CTRV,ContraVir Pharmaceuticals Inc,Health Care,Major Pharmaceuticals
COO,"Cooper Companies, Inc. (The)",Health Care,Ophthalmic Goods
CRBP,"Corbus Pharmaceuticals Holdings, Inc.",Health Care,Major Pharmaceuticals
CORT,Corcept Therapeutics Incorporated,Health Care,Major Pharmaceuticals
CVRS,"Corindus Vascular Robotics, Inc.",Health Care,Medical/Dental Instruments
CORI,"Corium International, Inc.",Health Care,Major Pharmaceuticals
CRMD,CorMedix Inc,Health Care,Major Pharmaceuticals
CRVS,"Corvus Pharmaceuticals, Inc.",Health Care,Major Pharmaceuticals
CRHM,CRH Medical Corporation,Health Care,Medical/Dental Instruments
CRSP,CRISPR Therapeutics AG,Health Care,Biotechnology: Biological Products (No Diagnostic Substances)
CRY,"CryoLife, Inc.",Health Care,Medical/Dental Instruments
CTIC,CTI BioPharma Corp.,Health Care,Major Pharmaceuticals
CPIX,Cumberland Pharmaceuticals Inc.,Health Care,Major Pharmaceuticals
CRIS,"Curis, Inc.",Health Care,Biotechnology: Biological Products (No Diagnostic Substances)
CUTR,"Cutera, Inc.",Health Care,Biotechnology: Electromedical & Electrotherapeutic Apparatus
CVS,CVS Health Corporation,Health Care,Medical/Nursing Services
CYCC,"Cyclacel Pharmaceuticals, Inc.",Health Care,Major Pharmaceuticals
CYCCP,"Cyclacel Pharmaceuticals, Inc.",Health Care,Major Pharmaceuticals
CBAY,CymaBay Therapeutics Inc.,Health Care,Major Pharmaceuticals
CYNO,"Cynosure, Inc.",Health Care,Biotechnology: Electromedical & Electrotherapeutic Apparatus
CYTK,"Cytokinetics, Incorporated",Health Care,Major Pharmaceuticals
CTMX,"CytomX Therapeutics, Inc.",Health Care,Major Pharmaceuticals
CYTX,Cytori Therapeutics Inc,Health Care,Medical/Dental Instruments
CYTXW,Cytori Therapeutics Inc,Health Care,Medical/Dental Instruments
CTSO,Cytosorbents Corporation,Health Care,Medical/Dental Instruments
CYTR,CytRx Corporation,Health Care,Biotechnology: Biological Products (No Diagnostic Substances)
DRIO,DarioHealth Corp.,Health Care,Medical/Dental Instruments
DRIOW,DarioHealth Corp.,Health Care,Medical/Dental Instruments
DVA,DaVita Inc.,Health Care,Hospital/Nursing Management
DXR,Daxor Corporation,Health Care,Medical/Dental Instruments
DBVT,DBV Technologies S.A.,Health Care,Biotechnology: Biological Products (No Diagnostic Substances)
DCTH,"Delcath Systems, Inc.",Health Care,Medical/Dental Instruments
DMPI,"DelMar Pharmaceuticals, Inc.",Health Care,Major Pharmaceuticals
XRAY,DENTSPLY SIRONA Inc.,Health Care,Medical/Dental Instruments
DEPO,"Depomed, Inc.",Health Care,Major Pharmaceuticals
DSCI,"Derma Sciences, Inc.",Health Care,Medical/Dental Instruments
DERM,"Dermira, Inc.",Health Care,Major Pharmaceuticals
DXCM,"DexCom, Inc.",Health Care,Medical/Dental Instruments
DXTR,Dextera Surgical Inc.,Health Care,Medical/Dental Instruments
DRNA,"Dicerna Pharmaceuticals, Inc.",Health Care,Major Pharmaceuticals
DFFN,Diffusion Pharmaceuticals Inc.,Health Care,Major Pharmaceuticals
DRAD,Digirad Corporation,Health Care,Biotechnology: Electromedical & Electrotherapeutic Apparatus
DMTX,"Dimension Therapeutics, Inc.",Health Care,Biotechnology: Biological Products (No Diagnostic Substances)
DPRX,"Dipexium Pharmaceuticals, Inc.",Health Care,Major Pharmaceuticals
DPLO,"Diplomat Pharmacy, Inc.",Health Care,Medical/Nursing Services
DVCR,Diversicare Healthcare Services Inc.,Health Care,Hospital/Nursing Management
RDY,Dr. Reddy&#39;s Laboratories Ltd,Health Care,Major Pharmaceuticals
DRRX,DURECT Corporation,Health Care,Major Pharmaceuticals
DYNT,Dynatronics Corporation,Health Care,Biotechnology: Electromedical & Electrotherapeutic Apparatus
DVAX,Dynavax Technologies Corporation,Health Care,Major Pharmaceuticals
EGRX,"Eagle Pharmaceuticals, Inc.",Health Care,Major Pharmaceuticals
EDAP,EDAP TMS S.A.,Health Care,Biotechnology: Electromedical & Electrotherapeutic Apparatus
EDGE,"Edge Therapeutics, Inc.",Health Care,Major Pharmaceuticals
EDIT,"Editas Medicine, Inc.",Health Care,Biotechnology: Biological Products (No Diagnostic Substances)
EW,Edwards Lifesciences Corporation,Health Care,Industrial Specialties
EGLT,Egalet Corporation,Health Care,Major Pharmaceuticals
EIGR,"Eiger BioPharmaceuticals, Inc.",Health Care,Biotechnology: Biological Products (No Diagnostic Substances)
ELMD,"Electromed, Inc.",Health Care,Biotechnology: Electromedical & Electrotherapeutic Apparatus
EBIO,"Eleven Biotherapeutics, Inc.",Health Care,Major Pharmaceuticals
LLY,Eli Lilly and Company,Health Care,Major Pharmaceuticals
EBS,"Emergent Biosolutions, Inc.",Health Care,Major Pharmaceuticals
ENTA,"Enanta Pharmaceuticals, Inc.",Health Care,Major Pharmaceuticals
ENDP,Endo International plc,Health Care,Major Pharmaceuticals
GI,"EndoChoice Holdings, Inc.",Health Care,Medical/Dental Instruments
ECYT,"Endocyte, Inc.",Health Care,Major Pharmaceuticals
ELGX,"Endologix, Inc.",Health Care,Medical/Dental Instruments
ENTL,"Entellus Medical, Inc.",Health Care,Medical/Dental Instruments
ETRM,EnteroMedics Inc.,Health Care,Biotechnology: Electromedical & Electrotherapeutic Apparatus
EVHC,"Envision Healthcare Holdings, Inc.",Health Care,Hospital/Nursing Management
ENZ,"Enzo Biochem, Inc.",Health Care,Medical Specialities
EPZM,"Epizyme, Inc.",Health Care,Major Pharmaceuticals
ESPR,"Esperion Therapeutics, Inc.",Health Care,Major Pharmaceuticals
EPIX,ESSA Pharma Inc.,Health Care,Major Pharmaceuticals
EVOK,"Evoke Pharma, Inc.",Health Care,Major Pharmaceuticals
EXAS,Exact Sciences Corporation,Health Care,Biotechnology: Commercial Physical & Biological Resarch
EXAC,"Exactech, Inc.",Health Care,Industrial Specialties
EXEL,"Exelixis, Inc.",Health Care,Biotechnology: Commercial Physical & Biological Resarch
ESRX,Express Scripts Holding Company,Health Care,Medical/Nursing Services
EYEG,"Eyegate Pharmaceuticals, Inc.",Health Care,Major Pharmaceuticals
EYEGW,"Eyegate Pharmaceuticals, Inc.",Health Care,Major Pharmaceuticals
FATE,"Fate Therapeutics, Inc.",Health Care,Biotechnology: Biological Products (No Diagnostic Substances)
FCSC,Fibrocell Science Inc,Health Care,Major Pharmaceuticals
FGEN,"FibroGen, Inc",Health Care,Major Pharmaceuticals
FPRX,"Five Prime Therapeutics, Inc.",Health Care,Major Pharmaceuticals
FVE,"Five Star Quality Care, Inc.",Health Care,Hospital/Nursing Management
FLML,Flamel Technologies S.A.,Health Care,Major Pharmaceuticals
FLKS,"Flex Pharma, Inc.",Health Care,Major Pharmaceuticals
FLXN,"Flexion Therapeutics, Inc.",Health Care,Major Pharmaceuticals
FONR,Fonar Corporation,Health Care,Biotechnology: Electromedical & Electrotherapeutic Apparatus
FBIO,"Fortress Biotech, Inc.",Health Care,Major Pharmaceuticals
FWP,Forward Pharma A/S,Health Care,Major Pharmaceuticals
FMI,"Foundation Medicine, Inc.",Health Care,Medical Specialities
FMS,Fresenius Medical Care Corporation,Health Care,Hospital/Nursing Management
FLGT,"Fulgent Genetics, Inc.",Health Care,Medical Specialities
GLPG,Galapagos NV,Health Care,Major Pharmaceuticals
GALT,Galectin Therapeutics Inc.,Health Care,Major Pharmaceuticals
GALTU,Galectin Therapeutics Inc.,Health Care,Major Pharmaceuticals
GALTW,Galectin Therapeutics Inc.,Health Care,Major Pharmaceuticals
GALE,"Galena Biopharma, Inc.",Health Care,Major Pharmaceuticals
GLMD,Galmed Pharmaceuticals Ltd.,Health Care,Major Pharmaceuticals
GEMP,Gemphire Therapeutics Inc.,Health Care,Major Pharmaceuticals
GEN           ,"Genesis Healthcare, Inc.",Health Care,Hospital/Nursing Management
GENE,Genetic Technologies Ltd,Health Care,Biotechnology: Biological Products (No Diagnostic Substances)
GNMK,"GenMark Diagnostics, Inc.",Health Care,Medical/Dental Instruments
GNCA,"Genocea Biosciences, Inc.",Health Care,Biotechnology: Biological Products (No Diagnostic Substances)
GHDX,"Genomic Health, Inc.",Health Care,Medical Specialities
GNVC,"GenVec, Inc.",Health Care,Major Pharmaceuticals
GERN,Geron Corporation,Health Care,Major Pharmaceuticals
GILD,"Gilead Sciences, Inc.",Health Care,Biotechnology: Biological Products (No Diagnostic Substances)
GKOS,Glaukos Corporation,Health Care,Medical/Dental Instruments
GSK,GlaxoSmithKline PLC,Health Care,Major Pharmaceuticals
GBT,"Global Blood Therapeutics, Inc.",Health Care,Major Pharmaceuticals
GMED,"Globus Medical, Inc.",Health Care,Medical/Dental Instruments
GLYC,"GlycoMimetics, Inc.",Health Care,Major Pharmaceuticals
GRFS,"Grifols, S.A.",Health Care,Major Pharmaceuticals
GTXI,"GTx, Inc.",Health Care,Major Pharmaceuticals
GWPH,GW Pharmaceuticals Plc,Health Care,Major Pharmaceuticals
HAE,Haemonetics Corporation,Health Care,Medical/Dental Instruments
HALO,"Halozyme Therapeutics, Inc.",Health Care,Biotechnology: Biological Products (No Diagnostic Substances)
HYH,"Halyard Health, Inc.",Health Care,Industrial Specialties
HCA,"HCA Holdings, Inc.",Health Care,Hospital/Nursing Management
HCSG,"Healthcare Services Group, Inc.",Health Care,Hospital/Nursing Management
HLS,HealthSouth Corporation,Health Care,Hospital/Nursing Management
HWAY,"Healthways, Inc.",Health Care,Hospital/Nursing Management
HTBX,"Heat Biologics, Inc.",Health Care,Major Pharmaceuticals
HSIC,"Henry Schein, Inc.",Health Care,Medical Specialities
HLF,Herbalife LTD.,Health Care,Other Pharmaceuticals
HRTX,"Heron Therapeutics, Inc.  ",Health Care,Major Pharmaceuticals
HSKA,Heska Corporation,Health Care,Biotechnology: Biological Products (No Diagnostic Substances)
HRC,Hill-Rom Holdings Inc,Health Care,Medical/Dental Instruments
HSGX,Histogenics Corporation,Health Care,Industrial Specialties
HOLX,"Hologic, Inc.",Health Care,Medical Electronics
HH,"Hooper Holmes, Inc.",Health Care,Hospital/Nursing Management
HZNP,Horizon Pharma plc,Health Care,Major Pharmaceuticals
HUM,Humana Inc.,Health Care,Medical Specialities
HCM,Hutchison China MediTech Limited,Health Care,Major Pharmaceuticals
IBIO,"iBio, Inc.",Health Care,Major Pharmaceuticals
ICAD,icad inc.,Health Care,Medical/Dental Instruments
ICLR,ICON plc,Health Care,Biotechnology: Commercial Physical & Biological Resarch
ICUI,"ICU Medical, Inc.",Health Care,Medical/Dental Instruments
IDRA,"Idera Pharmaceuticals, Inc.",Health Care,Biotechnology: Biological Products (No Diagnostic Substances)
IDXX,"IDEXX Laboratories, Inc.",Health Care,Biotechnology: In Vitro & In Vivo Diagnostic Substances
RXDX,"Ignyta, Inc.",Health Care,Major Pharmaceuticals
KANG,"iKang Healthcare Group, Inc.",Health Care,Medical/Nursing Services
ICCC,ImmuCell Corporation,Health Care,Biotechnology: In Vitro & In Vivo Diagnostic Substances
IMDZ,Immune Design Corp.,Health Care,Major Pharmaceuticals
IMNP          ,Immune Pharmaceuticals Inc.,Health Care,Major Pharmaceuticals
IMUC,"ImmunoCellular Therapeutics, Ltd.",Health Care,Major Pharmaceuticals
IMGN,"ImmunoGen, Inc.",Health Care,Major Pharmaceuticals
IMMU,"Immunomedics, Inc.",Health Care,Biotechnology: In Vitro & In Vivo Diagnostic Substances
IPXL,"Impax Laboratories, Inc.",Health Care,Major Pharmaceuticals
IMMY,"Imprimis Pharmaceuticals, Inc.",Health Care,Major Pharmaceuticals
INCR,"INC Research Holdings, Inc.",Health Care,Biotechnology: Commercial Physical & Biological Resarch
INCY,Incyte Corporation,Health Care,Biotechnology: Commercial Physical & Biological Resarch
INFI,"Infinity Pharmaceuticals, Inc.",Health Care,Major Pharmaceuticals
INFU,"InfuSystems Holdings, Inc.",Health Care,Medical/Dental Instruments
INNL,Innocoll Holdings,Health Care,Major Pharmaceuticals
INVA,"Innoviva, Inc.",Health Care,Major Pharmaceuticals
INGN,"Inogen, Inc",Health Care,Industrial Specialties
ITEK,Inotek Pharmaceuticals Corporation,Health Care,Major Pharmaceuticals
INO,"Inovio Pharmaceuticals, Inc.",Health Care,Medical/Dental Instruments
INSM,"Insmed, Inc.",Health Care,Major Pharmaceuticals
NSPR,"InspireMD, Inc.",Health Care,Medical/Dental Instruments
PODD,Insulet Corporation,Health Care,Medical/Dental Instruments
INSY,"Insys Therapeutics, Inc.",Health Care,Major Pharmaceuticals
NTEC,Intec Pharma Ltd.,Health Care,Major Pharmaceuticals
NTLA,"Intellia Therapeutics, Inc.",Health Care,Biotechnology: In Vitro & In Vivo Diagnostic Substances
IPCI,Intellipharmaceutics International Inc.,Health Care,Major Pharmaceuticals
ICPT,"Intercept Pharmaceuticals, Inc.",Health Care,Major Pharmaceuticals
IDXG,"Interpace Diagnostics Group, Inc.",Health Care,Medical/Dental Instruments
XENT,"Intersect ENT, Inc.",Health Care,Medical/Dental Instruments
ITCI,Intra-Cellular Therapies Inc.,Health Care,Major Pharmaceuticals
XON,Intrexon Corporation,Health Care,Biotechnology: Commercial Physical & Biological Resarch
ISRG,"Intuitive Surgical, Inc.",Health Care,Industrial Specialties
IVC,Invacare Corporation,Health Care,Industrial Specialties
NVTA,Invitae Corporation,Health Care,Medical Specialities
NVIV,InVivo Therapeutics Holdings Corp.,Health Care,Medical/Dental Instruments
IVTY,"Invuity, Inc.",Health Care,Medical/Dental Instruments
IONS,"Ionis Pharmaceuticals, Inc.",Health Care,Major Pharmaceuticals
IRMD,iRadimed Corporation,Health Care,Medical/Dental Instruments
IRTC,"iRhythm Technologies, Inc.",Health Care,Medical/Dental Instruments
IRIX,IRIDEX Corporation,Health Care,Biotechnology: Electromedical & Electrotherapeutic Apparatus
IRWD,"Ironwood Pharmaceuticals, Inc.",Health Care,Major Pharmaceuticals
ISR,"IsoRay, Inc.",Health Care,Medical/Dental Instruments
JAGX,"Jaguar Animal Health, Inc.",Health Care,Major Pharmaceuticals
JAZZ,Jazz Pharmaceuticals plc,Health Care,Major Pharmaceuticals
JNJ,Johnson & Johnson,Health Care,Major Pharmaceuticals
JNP,"Juniper Pharmaceuticals, Inc.",Health Care,Major Pharmaceuticals
JUNO,"Juno Therapeutics, Inc.",Health Care,Biotechnology: Biological Products (No Diagnostic Substances)
KTWO,"K2M Group Holdings, Inc.",Health Care,Medical/Dental Instruments
KDMN,"Kadmon Holdings, Inc.",Health Care,Major Pharmaceuticals
KMDA,Kamada Ltd.,Health Care,Major Pharmaceuticals
KPTI,Karyopharm Therapeutics Inc.,Health Care,Major Pharmaceuticals
KMPH,"KemPharm, Inc.",Health Care,Major Pharmaceuticals
KERX,"Keryx Biopharmaceuticals, Inc.",Health Care,Major Pharmaceuticals
KIN,"Kindred Biosciences, Inc.",Health Care,Major Pharmaceuticals
KND,"Kindred Healthcare, Inc.",Health Care,Hospital/Nursing Management
KITE,"Kite Pharma, Inc.",Health Care,Biotechnology: Biological Products (No Diagnostic Substances)
KTOV,Kitov Pharmaceuticals Holdings Ltd.,Health Care,Major Pharmaceuticals
KTOVW,Kitov Pharmaceuticals Holdings Ltd.,Health Care,Major Pharmaceuticals
KURA,"Kura Oncology, Inc.",Health Care,Major Pharmaceuticals
LJPC,La Jolla Pharmaceutical Company,Health Care,Biotechnology: Biological Products (No Diagnostic Substances)
LH,Laboratory Corporation of America Holdings,Health Care,Medical Specialities
LAKE,"Lakeland Industries, Inc.",Health Care,Industrial Specialties
LCI,Lannett Co Inc,Health Care,Major Pharmaceuticals
LNTH,"Lantheus Holdings, Inc.",Health Care,Biotechnology: In Vitro & In Vivo Diagnostic Substances
LMAT,"LeMaitre Vascular, Inc.",Health Care,Medical/Dental Instruments
LXRX,"Lexicon Pharmaceuticals, Inc.",Health Care,Major Pharmaceuticals
LHCG,LHC Group,Health Care,Medical/Nursing Services
LPNT,"LifePoint Health, Inc.",Health Care,Hospital/Nursing Management
LFVN,Lifevantage Corporation,Health Care,Major Pharmaceuticals
LGND,Ligand Pharmaceuticals Incorporated,Health Care,Major Pharmaceuticals
LBIO,"Lion Biotechnologies, Inc.",Health Care,Biotechnology: Biological Products (No Diagnostic Substances)
LPCN,Lipocine Inc.,Health Care,Major Pharmaceuticals
LIVN,LivaNova PLC,Health Care,Biotechnology: Electromedical & Electrotherapeutic Apparatus
EVAR,"Lombard Medical, Inc.",Health Care,Medical/Dental Instruments
LOXO,"Loxo Oncology, Inc.",Health Care,Major Pharmaceuticals
LPTN,"Lpath, Inc.",Health Care,Biotechnology: Biological Products (No Diagnostic Substances)
LMNX,Luminex Corporation,Health Care,Medical/Dental Instruments
LUNA,Luna Innovations Incorporated,Health Care,Biotechnology: Commercial Physical & Biological Resarch
LUX,"Luxottica Group, S.p.A.",Health Care,Ophthalmic Goods
MBVX,"MabVax Therapeutics Holdings, Inc.",Health Care,Major Pharmaceuticals
MCUR,Macrocure Ltd.,Health Care,Biotechnology: Biological Products (No Diagnostic Substances)
MGNX,"MacroGenics, Inc.",Health Care,Major Pharmaceuticals
MDGL,"Madrigal Pharmaceuticals, Inc.",Health Care,Major Pharmaceuticals
MGLN,"Magellan Health, Inc.",Health Care,Hospital/Nursing Management
MNK,Mallinckrodt plc,Health Care,Major Pharmaceuticals
MNKD,MannKind Corporation,Health Care,Major Pharmaceuticals
MRNS,"Marinus Pharmaceuticals, Inc.",Health Care,Major Pharmaceuticals
MASI,Masimo Corporation,Health Care,Biotechnology: Electromedical & Electrotherapeutic Apparatus
MSTX,"Mast Therapeutics, Inc.",Health Care,Major Pharmaceuticals
MATN,"Mateon Therapeutics, Inc. ",Health Care,Biotechnology: Biological Products (No Diagnostic Substances)
MZOR,Mazor Robotics Ltd.,Health Care,Medical/Dental Instruments
MCK,McKesson Corporation,Health Care,Other Pharmaceuticals
MDGN,"Medgenics, Inc.",Health Care,Biotechnology: Biological Products (No Diagnostic Substances)
MNOV,"MediciNova, Inc.",Health Care,Major Pharmaceuticals
MDGS,Medigus Ltd.,Health Care,Medical/Dental Instruments
MD,"Mednax, Inc",Health Care,Hospital/Nursing Management
MDVX,Medovex Corp.,Health Care,Medical/Dental Instruments
MDVXW,Medovex Corp.,Health Care,Medical/Dental Instruments
MEDP,"Medpace Holdings, Inc.",Health Care,Biotechnology: Commercial Physical & Biological Resarch
MDT,Medtronic plc,Health Care,Biotechnology: Electromedical & Electrotherapeutic Apparatus
MEIP,"MEI Pharma, Inc.",Health Care,Major Pharmaceuticals
MRK,"Merck & Company, Inc.",Health Care,Major Pharmaceuticals
VIVO,Meridian Bioscience Inc.,Health Care,Biotechnology: In Vitro & In Vivo Diagnostic Substances
MMSI,"Merit Medical Systems, Inc.",Health Care,Medical/Dental Instruments
MACK,"Merrimack Pharmaceuticals, Inc.",Health Care,Major Pharmaceuticals
MSLI,Merus Labs International Inc.,Health Care,Major Pharmaceuticals
MRUS,Merus N.V.,Health Care,Major Pharmaceuticals
MESO,Mesoblast Limited,Health Care,Biotechnology: Biological Products (No Diagnostic Substances)
MGCD,MGC Diagnostics Corporation,Health Care,Medical/Dental Instruments
MTP,Midatech Pharma PLC,Health Care,Major Pharmaceuticals
MLSS,"Milestone Scientific, Inc.",Health Care,Industrial Specialties
MDXG,"MiMedx Group, Inc",Health Care,Medical/Dental Instruments
NERV,"Minerva Neurosciences, Inc",Health Care,Major Pharmaceuticals
MRTX,"Mirati Therapeutics, Inc.",Health Care,Major Pharmaceuticals
MIRN,"Mirna Therapeutics, Inc.",Health Care,Major Pharmaceuticals
MBRX,"Moleculin Biotech, Inc.",Health Care,Major Pharmaceuticals
MOH,Molina Healthcare Inc,Health Care,Medical Specialities
MNTA,"Momenta Pharmaceuticals, Inc.",Health Care,Biotechnology: Biological Products (No Diagnostic Substances)
MSA,MSA Safety Incorporporated,Health Care,Industrial Specialties
MYL,Mylan N.V.,Health Care,Major Pharmaceuticals
MYOK,"MyoKardia, Inc.",Health Care,Major Pharmaceuticals
MYOS,MYOS RENS Technology Inc.,Health Care,Major Pharmaceuticals
MYOV,Myovant Sciences Ltd.,Health Care,Major Pharmaceuticals
MYGN,"Myriad Genetics, Inc.",Health Care,Biotechnology: In Vitro & In Vivo Diagnostic Substances
NBRV,Nabriva Therapeutics AG,Health Care,Major Pharmaceuticals
NSTG,"NanoString Technologies, Inc.",Health Care,Biotechnology: Biological Products (No Diagnostic Substances)
NNVC,"NanoViricides, Inc.",Health Care,Biotechnology: Commercial Physical & Biological Resarch
NK,"NantKwest, Inc.",Health Care,Biotechnology: Biological Products (No Diagnostic Substances)
NTRA,"Natera, Inc.",Health Care,Medical Specialities
NHC,National HealthCare Corporation,Health Care,Hospital/Nursing Management
NRCIA,National Research Corporation,Health Care,Biotechnology: Commercial Physical & Biological Resarch
NRCIB,National Research Corporation,Health Care,Biotechnology: Commercial Physical & Biological Resarch
NATR,"Nature&#39;s Sunshine Products, Inc.",Health Care,Major Pharmaceuticals
BABY,Natus Medical Incorporated,Health Care,Biotechnology: Electromedical & Electrotherapeutic Apparatus
NAVB,"Navidea Biopharmaceuticals, Inc.",Health Care,Biotechnology: In Vitro & In Vivo Diagnostic Substances
NKTR,Nektar Therapeutics,Health Care,Major Pharmaceuticals
NEOG,Neogen Corporation,Health Care,Biotechnology: In Vitro & In Vivo Diagnostic Substances
NEO,"NeoGenomics, Inc.",Health Care,Precision Instruments
NEOS,"Neos Therapeutics, Inc.",Health Care,Major Pharmaceuticals
NEOT,"Neothetics, Inc.",Health Care,Major Pharmaceuticals
NVCN,Neovasc Inc.,Health Care,Medical/Dental Instruments
NEPT,Neptune Technologies & Bioresources Inc,Health Care,Major Pharmaceuticals
CUR,"Neuralstem, Inc.",Health Care,Biotechnology: Biological Products (No Diagnostic Substances)
NBIX,"Neurocrine Biosciences, Inc.",Health Care,Biotechnology: Biological Products (No Diagnostic Substances)
NDRM,NeuroDerm Ltd.,Health Care,Major Pharmaceuticals
NURO,"NeuroMetrix, Inc.",Health Care,Medical/Dental Instruments
NUROW,"NeuroMetrix, Inc.",Health Care,Medical/Dental Instruments
NVRO,Nevro Corp.,Health Care,Medical/Dental Instruments
NLNK,NewLink Genetics Corporation,Health Care,Major Pharmaceuticals
NVET,Nexvet Biopharma plc,Health Care,Major Pharmaceuticals
NVLS,"Nivalis Therapeutics, Inc.",Health Care,Major Pharmaceuticals
HLTH,Nobilis Health Corp.,Health Care,Hospital/Nursing Management
NWBO,"Northwest Biotherapeutics, Inc.",Health Care,Major Pharmaceuticals
NWBOW,"Northwest Biotherapeutics, Inc.",Health Care,Major Pharmaceuticals
NBY,"NovaBay Pharmaceuticals, Inc.",Health Care,Major Pharmaceuticals
NVDQ,Novadaq Technologies Inc,Health Care,Biotechnology: Electromedical & Electrotherapeutic Apparatus
NOVN,"Novan, Inc.",Health Care,Major Pharmaceuticals
NVS,Novartis AG,Health Care,Major Pharmaceuticals
NVAX,"Novavax, Inc.",Health Care,Biotechnology: Biological Products (No Diagnostic Substances)
NVO,Novo Nordisk A/S,Health Care,Major Pharmaceuticals
NVCR,NovoCure Limited,Health Care,Medical/Dental Instruments
NVGN,Novogen Limited,Health Care,Major Pharmaceuticals
NUS,"Nu Skin Enterprises, Inc.",Health Care,Other Pharmaceuticals
NUVA,"NuVasive, Inc.",Health Care,Medical/Dental Instruments
NVTR,Nuvectra Corporation,Health Care,Medical/Dental Instruments
NXTM,"NxStage Medical, Inc.",Health Care,Biotechnology: Electromedical & Electrotherapeutic Apparatus
NYMX,Nymox Pharmaceutical Corporation,Health Care,Biotechnology: In Vitro & In Vivo Diagnostic Substances
OASM,Oasmia Pharmaceutical AB,Health Care,Major Pharmaceuticals
OBLN,"Obalon Therapeutics, Inc.",Health Care,Medical/Dental Instruments
OCRX,"Ocera Therapeutics, Inc.",Health Care,Major Pharmaceuticals
OCUL,"Ocular Therapeutix, Inc.",Health Care,Major Pharmaceuticals
OCLS,"Oculus Innovative Sciences, Inc.",Health Care,Major Pharmaceuticals
OCLSW,"Oculus Innovative Sciences, Inc.",Health Care,Major Pharmaceuticals
OHRP,"Ohr Pharmaceuticals, Inc.",Health Care,Major Pharmaceuticals
OMER,Omeros Corporation,Health Care,Major Pharmaceuticals
ONS,"Oncobiologics, Inc.",Health Care,Biotechnology: Biological Products (No Diagnostic Substances)
ONSIW,"Oncobiologics, Inc.",Health Care,Biotechnology: Biological Products (No Diagnostic Substances)
ONSIZ,"Oncobiologics, Inc.",Health Care,Biotechnology: Biological Products (No Diagnostic Substances)
OCX,OncoCyte Corporation,Health Care,Biotechnology: In Vitro & In Vivo Diagnostic Substances
OGXI,OncoGenex Pharmaceuticals Inc.,Health Care,Biotechnology: In Vitro & In Vivo Diagnostic Substances
OMED,"OncoMed Pharmaceuticals, Inc.",Health Care,Major Pharmaceuticals
ONTX,"Onconova Therapeutics, Inc.",Health Care,Major Pharmaceuticals
ONTXW,"Onconova Therapeutics, Inc.",Health Care,Major Pharmaceuticals
ONCS,OncoSec Medical Incorporated,Health Care,Major Pharmaceuticals
OPXA,"Opexa Therapeutics, Inc.",Health Care,Major Pharmaceuticals
OPXAW,"Opexa Therapeutics, Inc.",Health Care,Major Pharmaceuticals
OPGN,"OpGen, Inc.",Health Care,Medical Specialities
OPGNW,"OpGen, Inc.",Health Care,Medical Specialities
OPHT,Ophthotech Corporation,Health Care,Major Pharmaceuticals
OPK,"Opko Health, Inc.",Health Care,Major Pharmaceuticals
OGEN,"Oragenics, Inc.",Health Care,Major Pharmaceuticals
ORMP,Oramed Pharmaceuticals Inc.,Health Care,Major Pharmaceuticals
OSUR,"OraSure Technologies, Inc.",Health Care,Medical/Dental Instruments
OREX,"Orexigen Therapeutics, Inc.",Health Care,Major Pharmaceuticals
ONVO,"Organovo Holdings, Inc.",Health Care,Biotechnology: Biological Products (No Diagnostic Substances)
OFIX,Orthofix International N.V.,Health Care,Medical/Dental Instruments
OSIR,"Osiris Therapeutics, Inc.",Health Care,Biotechnology: Biological Products (No Diagnostic Substances)
OTIC,"Otonomy, Inc.",Health Care,Major Pharmaceuticals
OVAS,OvaScience Inc.,Health Care,Major Pharmaceuticals
OMI,"Owens & Minor, Inc.",Health Care,Medical Specialities
OXFD,Oxford Immunotec Global PLC,Health Care,Biotechnology: In Vitro & In Vivo Diagnostic Substances
PCRX,"Pacira Pharmaceuticals, Inc.",Health Care,Major Pharmaceuticals
PTIE,Pain Therapeutics,Health Care,Major Pharmaceuticals
PTN,"Palatin Technologies, Inc.",Health Care,Major Pharmaceuticals
PRTK,"Paratek Pharmaceuticals, Inc. ",Health Care,Major Pharmaceuticals
PRXL,PAREXEL International Corporation,Health Care,Biotechnology: Commercial Physical & Biological Resarch
PARN,Parnell Pharmaceuticals Holdings Ltd,Health Care,Major Pharmaceuticals
PTHN,Patheon N.V.,Health Care,Major Pharmaceuticals
PDCO,"Patterson Companies, Inc.",Health Care,Medical Specialities
PAVM,PAVmed Inc.,Health Care,Medical/Dental Instruments
PAVMW,PAVmed Inc.,Health Care,Medical/Dental Instruments
PDLI,"PDL BioPharma, Inc.",Health Care,Biotechnology: Biological Products (No Diagnostic Substances)
PEN,"Penumbra, Inc.",Health Care,Medical/Dental Instruments
PPHM,Peregrine Pharmaceuticals Inc.,Health Care,Major Pharmaceuticals
PPHMP,Peregrine Pharmaceuticals Inc.,Health Care,Major Pharmaceuticals
PTX,"Pernix Therapeutics Holdings, Inc.",Health Care,Major Pharmaceuticals
PRGO,Perrigo Company,Health Care,Major Pharmaceuticals
PETS,"PetMed Express, Inc.",Health Care,Medical/Nursing Services
PFNX,Pfenex Inc.,Health Care,Major Pharmaceuticals
PFE,"Pfizer, Inc.",Health Care,Major Pharmaceuticals
PIP,"PharmAthene, Inc",Health Care,Major Pharmaceuticals
PMC,Pharmerica Corporation,Health Care,Medical/Nursing Services
PZRX,"PhaseRx, Inc.",Health Care,Major Pharmaceuticals
PAHC,Phibro Animal Health Corporation,Health Care,Major Pharmaceuticals
PHMD,"PhotoMedex, Inc.",Health Care,Biotechnology: Electromedical & Electrotherapeutic Apparatus
PIRS,"Pieris Pharmaceuticals, Inc.",Health Care,Biotechnology: Commercial Physical & Biological Resarch
PSTI,"Pluristem Therapeutics, Inc.",Health Care,Biotechnology: Biological Products (No Diagnostic Substances)
PTLA,"Portola Pharmaceuticals, Inc.",Health Care,Major Pharmaceuticals
PRAH,"PRA Health Sciences, Inc.",Health Care,Biotechnology: Commercial Physical & Biological Resarch
PRAN,Prana Biotechnology Ltd,Health Care,Major Pharmaceuticals
LENS,Presbia PLC,Health Care,Medical/Dental Instruments
PBH,"Prestige Brand Holdings, Inc.",Health Care,Major Pharmaceuticals
PBMD,Prima BioMed Ltd,Health Care,Major Pharmaceuticals
PDEX,"Pro-Dex, Inc.",Health Care,Medical/Dental Instruments
PGNX,Progenics Pharmaceuticals Inc.,Health Care,Major Pharmaceuticals
DNAI,"ProNAi Therapeutics, Inc.",Health Care,Major Pharmaceuticals
PRPH,"ProPhase Labs, Inc.",Health Care,Major Pharmaceuticals
PRQR,ProQR Therapeutics N.V.,Health Care,Major Pharmaceuticals
PTGX,"Protagonist Therapeutics, Inc.",Health Care,Major Pharmaceuticals
PLX,"Protalix BioTherapeutics, Inc.",Health Care,Biotechnology: Biological Products (No Diagnostic Substances)
PRTO,"Proteon Therapeutics, Inc.",Health Care,Biotechnology: Biological Products (No Diagnostic Substances)
PTI,"Proteostasis Therapeutics, Inc.",Health Care,Major Pharmaceuticals
PRTA,Prothena Corporation plc,Health Care,Major Pharmaceuticals
PMD,Psychemedics Corporation,Health Care,Medical Specialities
PTCT,"PTC Therapeutics, Inc.",Health Care,Major Pharmaceuticals
PULM,"Pulmatrix, Inc.",Health Care,Major Pharmaceuticals
PLSE,"Pulse Biosciences, Inc",Health Care,Medical/Dental Instruments
PBYI,Puma Biotechnology Inc,Health Care,Major Pharmaceuticals
QGEN,Qiagen N.V.,Health Care,Biotechnology: Biological Products (No Diagnostic Substances)
QLTI,QLT Inc.,Health Care,Major Pharmaceuticals
DGX,Quest Diagnostics Incorporated,Health Care,Medical Specialities
QDEL,Quidel Corporation,Health Care,Biotechnology: In Vitro & In Vivo Diagnostic Substances
Q,"Quintiles IMS Holdings, Inc.",Health Care,Biotechnology: Commercial Physical & Biological Resarch
QHC,Quorum Health Corporation,Health Care,Hospital/Nursing Management
QTNT,Quotient Limited,Health Care,Biotechnology: In Vitro & In Vivo Diagnostic Substances
RARX,"Ra Pharmaceuticals, Inc.",Health Care,Major Pharmaceuticals
RDUS,"Radius Health, Inc.",Health Care,Major Pharmaceuticals
RDNT,"RadNet, Inc.",Health Care,Medical Specialities
RETA,"Reata Pharmaceuticals, Inc.",Health Care,Major Pharmaceuticals
REPH,"Recro Pharma, Inc.",Health Care,Major Pharmaceuticals
RDHL,Redhill Biopharma Ltd.,Health Care,Major Pharmaceuticals
REGN,"Regeneron Pharmaceuticals, Inc.",Health Care,Major Pharmaceuticals
RGNX,REGENXBIO Inc.,Health Care,Biotechnology: Biological Products (No Diagnostic Substances)
RGLS,Regulus Therapeutics Inc.,Health Care,Major Pharmaceuticals
RELV,"Reliv&#39; International, Inc.",Health Care,Major Pharmaceuticals
RNVA,"Rennova Health, Inc.",Health Care,Precision Instruments
RNVAZ,"Rennova Health, Inc.",Health Care,Precision Instruments
RGEN,Repligen Corporation,Health Care,Biotechnology: Biological Products (No Diagnostic Substances)
RPRX,Repros Therapeutics Inc.,Health Care,Biotechnology: Biological Products (No Diagnostic Substances)
RMD,ResMed Inc.,Health Care,Medical/Dental Instruments
RVP,"Retractable Technologies, Inc.",Health Care,Medical/Dental Instruments
RTRX,"Retrophin, Inc.",Health Care,Major Pharmaceuticals
RVNC,"Revance Therapeutics, Inc.",Health Care,Major Pharmaceuticals
RWLK,ReWalk Robotics Ltd,Health Care,Industrial Specialties
RNN,"Rexahn Pharmaceuticals, Inc.",Health Care,Major Pharmaceuticals
RIGL,"Rigel Pharmaceuticals, Inc.",Health Care,Major Pharmaceuticals
RAD,Rite Aid Corporation,Health Care,Medical/Nursing Services
RTTR,"Ritter Pharmaceuticals, Inc.",Health Care,Major Pharmaceuticals
RMTI,"Rockwell Medical, Inc.",Health Care,Biotechnology: Electromedical & Electrotherapeutic Apparatus
ROSG,Rosetta Genomics Ltd.,Health Care,Major Pharmaceuticals
RTIX,"RTI Surgical, Inc.",Health Care,Industrial Specialties
RXII,RXi Pharmaceuticals Corporation,Health Care,Major Pharmaceuticals
SAGE,"Sage Therapeutics, Inc.",Health Care,Major Pharmaceuticals
SGMO,"Sangamo BioSciences, Inc.",Health Care,Biotechnology: Biological Products (No Diagnostic Substances)
GCVRZ,Sanofi,Health Care,Major Pharmaceuticals
SNY,Sanofi,Health Care,Major Pharmaceuticals
SRPT,"Sarepta Therapeutics, Inc.",Health Care,Major Pharmaceuticals
SCLN,"SciClone Pharmaceuticals, Inc.",Health Care,Major Pharmaceuticals
SCYX,"SCYNEXIS, Inc.",Health Care,Major Pharmaceuticals
SPNE,SeaSpine Holdings Corporation,Health Care,Medical/Dental Instruments
SGEN,"Seattle Genetics, Inc.",Health Care,Biotechnology: Biological Products (No Diagnostic Substances)
EYES,"Second Sight Medical Products, Inc.",Health Care,Biotechnology: Electromedical & Electrotherapeutic Apparatus
SEM,Select Medical Holdings Corporation,Health Care,Hospital/Nursing Management
SELB,"Selecta Biosciences, Inc.",Health Care,Major Pharmaceuticals
SNMX,"Senomyx, Inc.",Health Care,Biotechnology: Commercial Physical & Biological Resarch
SRTS,"Sensus Healthcare, Inc.",Health Care,Medical/Dental Instruments
SRTSW,"Sensus Healthcare, Inc.",Health Care,Medical/Dental Instruments
MCRB,"Seres Therapeutics, Inc.",Health Care,Major Pharmaceuticals
SHPG,Shire plc,Health Care,Major Pharmaceuticals
SIEN,"Sientra, Inc.",Health Care,Industrial Specialties
SGNL,"Signal Genetics, Inc.",Health Care,Medical Specialities
SVA,"Sinovac Biotech, Ltd.",Health Care,Major Pharmaceuticals
SKLN,Skyline Medical Inc.,Health Care,Industrial Specialties
SNN,"Smith & Nephew SNATS, Inc.",Health Care,Industrial Specialties
SRNE,"Sorrento Therapeutics, Inc.",Health Care,Biotechnology: Commercial Physical & Biological Resarch
SPAN,"Span-America Medical Systems, Inc.",Health Care,Industrial Specialties
ONCE,"Spark Therapeutics, Inc.",Health Care,Biotechnology: Biological Products (No Diagnostic Substances)
SPPI,"Spectrum Pharmaceuticals, Inc.",Health Care,Major Pharmaceuticals
SBPH,"Spring Bank Pharmaceuticals, Inc.",Health Care,Major Pharmaceuticals
STJ,"St. Jude Medical, Inc.",Health Care,Biotechnology: Electromedical & Electrotherapeutic Apparatus
STAA,STAAR Surgical Company,Health Care,Ophthalmic Goods
STDY,SteadyMed Ltd.,Health Care,Major Pharmaceuticals
SBOT,"Stellar Biotechnologies, Inc.",Health Care,Major Pharmaceuticals
STEM,"StemCells, Inc.",Health Care,Biotechnology: Biological Products (No Diagnostic Substances)
STML,"Stemline Therapeutics, Inc.",Health Care,Major Pharmaceuticals
STE,STERIS plc,Health Care,Industrial Specialties
SSKN,"Strata Skin Sciences, Inc.",Health Care,Medical/Dental Instruments
SBBP,Strongbridge Biopharma plc,Health Care,Major Pharmaceuticals
SYK,Stryker Corporation,Health Care,Medical/Dental Instruments
SCMP,"Sucampo Pharmaceuticals, Inc.",Health Care,Major Pharmaceuticals
SMMT,Summit Therapeutics plc,Health Care,Major Pharmaceuticals
SNSS,"Sunesis Pharmaceuticals, Inc.",Health Care,Major Pharmaceuticals
SSY,"SunLink Health Systems, Inc.",Health Care,Hospital/Nursing Management
SSH,Sunshine Heart Inc,Health Care,Biotechnology: Electromedical & Electrotherapeutic Apparatus
SUPN,"Supernus Pharmaceuticals, Inc.",Health Care,Major Pharmaceuticals
SGRY,"Surgery Partners, Inc.",Health Care,Hospital/Nursing Management
SCAI,"Surgical Care Affiliates, Inc.",Health Care,Medical Specialities
SRDX,"Surmodics, Inc.",Health Care,Medical/Dental Instruments
SNDX,"Syndax Pharmaceuticals, Inc.",Health Care,Major Pharmaceuticals
SGYP,"Synergy Pharmaceuticals, Inc.",Health Care,Major Pharmaceuticals
SGYPU,"Synergy Pharmaceuticals, Inc.",Health Care,Major Pharmaceuticals
SGYPW,"Synergy Pharmaceuticals, Inc.",Health Care,Major Pharmaceuticals
ELOS,Syneron Medical Ltd.,Health Care,Biotechnology: Electromedical & Electrotherapeutic Apparatus
SYN,"Synthetic Biologics, Inc",Health Care,Major Pharmaceuticals
SYRS,"Syros Pharmaceuticals, Inc.",Health Care,Major Pharmaceuticals
TTOO,"T2 Biosystems, Inc.",Health Care,Medical/Dental Instruments
TCMD,"Tactile Systems Technology, Inc.",Health Care,Medical/Dental Instruments
TNDM,"Tandem Diabetes Care, Inc.",Health Care,Medical/Dental Instruments
TPIV,TapImmune Inc.,Health Care,Major Pharmaceuticals
TARO,Taro Pharmaceutical Industries Ltd.,Health Care,Major Pharmaceuticals
TEAR,TearLab Corporation,Health Care,Medical/Dental Instruments
TDOC,"Teladoc, Inc.",Health Care,Medical/Nursing Services
TFX,Teleflex Incorporated,Health Care,Medical/Dental Instruments
TLGT,"Teligent, Inc.",Health Care,Major Pharmaceuticals
TENX,"Tenax Therapeutics, Inc.",Health Care,Biotechnology: Commercial Physical & Biological Resarch
THC,Tenet Healthcare Corporation,Health Care,Hospital/Nursing Management
TSRO,"TESARO, Inc.",Health Care,Major Pharmaceuticals
TTPH,"Tetraphase Pharmaceuticals, Inc.",Health Care,Major Pharmaceuticals
TEVA,Teva Pharmaceutical Industries Limited,Health Care,Major Pharmaceuticals
TGTX,"TG Therapeutics, Inc.",Health Care,Major Pharmaceuticals
ENSG,"The Ensign Group, Inc.",Health Care,Hospital/Nursing Management
MDCO,The Medicines Company,Health Care,Major Pharmaceuticals
SPNC,The Spectranetics Corporation,Health Care,Biotechnology: Electromedical & Electrotherapeutic Apparatus
TXMD,"TherapeuticsMD, Inc.",Health Care,Major Pharmaceuticals
TBPH,"Theravance Biopharma, Inc.",Health Care,Major Pharmaceuticals
THLD,"Threshold Pharmaceuticals, Inc.",Health Care,Major Pharmaceuticals
TTNP,"Titan Pharmaceuticals, Inc.",Health Care,Biotechnology: Biological Products (No Diagnostic Substances)
TKAI,"Tokai Pharmaceuticals, Inc.",Health Care,Major Pharmaceuticals
TNXP,Tonix Pharmaceuticals Holding Corp.,Health Care,Major Pharmaceuticals
TCON,"TRACON Pharmaceuticals, Inc.",Health Care,Biotechnology: Biological Products (No Diagnostic Substances)
TRXC,"TransEnterix, Inc.",Health Care,Medical/Dental Instruments
TRVN,"Trevena, Inc.",Health Care,Major Pharmaceuticals
TRIL,Trillium Therapeutics Inc.,Health Care,Major Pharmaceuticals
TRIB,Trinity Biotech plc,Health Care,Biotechnology: In Vitro & In Vivo Diagnostic Substances
TROV,"TrovaGene, Inc.",Health Care,Biotechnology: Biological Products (No Diagnostic Substances)
TROVU,"TrovaGene, Inc.",Health Care,Biotechnology: Biological Products (No Diagnostic Substances)
TROVW,"TrovaGene, Inc.",Health Care,Biotechnology: Biological Products (No Diagnostic Substances)
TRUP,"Trupanion, Inc.",Health Care,Medical Specialities
USPH,"U.S. Physical Therapy, Inc.",Health Care,Medical/Nursing Services
RARE,Ultragenyx Pharmaceutical Inc.,Health Care,Major Pharmaceuticals
UNIS,Unilife Corporation,Health Care,Medical/Dental Instruments
QURE,uniQure N.V.,Health Care,Major Pharmaceuticals
UTHR,United Therapeutics Corporation,Health Care,Major Pharmaceuticals
UNH,UnitedHealth Group Incorporated,Health Care,Medical Specialities
UAM,Universal American Corp.,Health Care,Medical Specialities
UHS,"Universal Health Services, Inc.",Health Care,Hospital/Nursing Management
UTMD,"Utah Medical Products, Inc.",Health Care,Medical/Dental Instruments
VRX,"Valeant Pharmaceuticals International, Inc.",Health Care,Major Pharmaceuticals
VNDA,Vanda Pharmaceuticals Inc.,Health Care,Major Pharmaceuticals
VAR,"Varian Medical Systems, Inc.",Health Care,Biotechnology: Electromedical & Electrotherapeutic Apparatus
VBLT,Vascular Biogenics Ltd.,Health Care,Major Pharmaceuticals
VASC,"Vascular Solutions, Inc.",Health Care,Medical/Dental Instruments
VBIV,"VBI Vaccines, Inc.",Health Care,Biotechnology: Biological Products (No Diagnostic Substances)
APPY,"Venaxis, Inc.",Health Care,Biotechnology: In Vitro & In Vivo Diagnostic Substances
VCYT,"Veracyte, Inc.",Health Care,Medical Specialities
VSTM,"Verastem, Inc.",Health Care,Major Pharmaceuticals
VCEL,Vericel Corporation,Health Care,Biotechnology: Biological Products (No Diagnostic Substances)
VRML,"Vermillion, Inc.",Health Care,Biotechnology: In Vitro & In Vivo Diagnostic Substances
VSAR,"Versartis, Inc.",Health Care,Major Pharmaceuticals
VRTX,Vertex Pharmaceuticals Incorporated,Health Care,Major Pharmaceuticals
VICL,Vical Incorporated,Health Care,Biotechnology: Biological Products (No Diagnostic Substances)
VRAY,"ViewRay, Inc.",Health Care,Biotechnology: Electromedical & Electrotherapeutic Apparatus
VKTX,"Viking Therapeutics, Inc.",Health Care,Major Pharmaceuticals
VKTXW,"Viking Therapeutics, Inc.",Health Care,Major Pharmaceuticals
VTGN,"VistaGen Therapeutics, Inc.",Health Care,Major Pharmaceuticals
VTL,"Vital Therapies, Inc.",Health Care,Major Pharmaceuticals
VIVE,"Viveve Medical, Inc.",Health Care,Biotechnology: Electromedical & Electrotherapeutic Apparatus
VVUS,"VIVUS, Inc.",Health Care,Major Pharmaceuticals
VNRX,VolitionRX Limited,Health Care,Biotechnology: In Vitro & In Vivo Diagnostic Substances
VYGR,"Voyager Therapeutics, Inc.",Health Care,Biotechnology: Biological Products (No Diagnostic Substances)
VTVT,vTv Therapeutics Inc.,Health Care,Major Pharmaceuticals
WBA,"Walgreens Boots Alliance, Inc.",Health Care,Medical/Nursing Services
WVE,WAVE Life Sciences Ltd.,Health Care,Major Pharmaceuticals
WCG,"WellCare Health Plans, Inc.",Health Care,Medical Specialities
WINT,"Windtree Therapeutics, Inc.",Health Care,Biotechnology: Biological Products (No Diagnostic Substances)
WMGI,Wright Medical Group N.V.,Health Care,Industrial Specialties
WMGIZ,Wright Medical Group N.V.,Health Care,Industrial Specialties
XBIT,XBiotech Inc.,Health Care,Major Pharmaceuticals
XNCR,"Xencor, Inc.",Health Care,Major Pharmaceuticals
XBIO,"Xenetic Biosciences, Inc.",Health Care,Major Pharmaceuticals
XENE,Xenon Pharmaceuticals Inc.,Health Care,Major Pharmaceuticals
XOMA,XOMA Corporation,Health Care,Major Pharmaceuticals
XTNT,"Xtant Medical Holdings, Inc.",Health Care,Biotechnology: Biological Products (No Diagnostic Substances)
XTLB,XTL Biopharmaceuticals Ltd.,Health Care,Major Pharmaceuticals
ZFGN,"Zafgen, Inc.",Health Care,Major Pharmaceuticals
ZLTQ,"ZELTIQ Aesthetics, Inc.",Health Care,Biotechnology: Electromedical & Electrotherapeutic Apparatus
ZBH,"Zimmer Biomet Holdings, Inc.",Health Care,Industrial Specialties
ZIOP,ZIOPHARM Oncology Inc,Health Care,Major Pharmaceuticals
ZTS,Zoetis Inc.,Health Care,Major Pharmaceuticals
ZGNX,"Zogenix, Inc.",Health Care,Major Pharmaceuticals
ZSAN,Zosano Pharma Corporation,Health Care,Major Pharmaceuticals
ZYNE,"Zynerba Pharmaceuticals, Inc.",Health Care,Major Pharmaceuticals